time/fps,time/iterations,time/time_elapsed,rollout/ep_rew_mean,rollout/ep_len_mean,time/total_timesteps,train/clip_range,train/value_loss,train/policy_gradient_loss,train/entropy_loss,train/learning_rate,train/explained_variance,train/std,train/loss,train/clip_fraction,train/n_updates,train/approx_kl
5158,1,0,42.583189000000004,341.0,4096,,,,,,,,,,,
5055,2,1,43.93809592307692,385.61538461538464,8192,0.2,1.7211558654904366,-0.004126556211849675,0.7651579700410366,0.0001,0.9191542267799377,0.28824177384376526,0.6285677552223206,0.044677734375,7570,0.0041623777
4811,3,2,40.43760526086956,462.3478260869565,12288,0.2,3.0589486047625543,-0.0007452297635609284,0.7628739699721336,0.0001,0.9346789121627808,0.2889285385608673,1.831470251083374,0.0417236328125,7580,0.006358938
4695,4,3,42.0033521,462.93333333333334,16384,0.2,1.5078689634799958,-0.00213454567710869,0.7655308753252029,0.0001,0.9507852792739868,0.28888630867004395,0.37201184034347534,0.05234375,7590,0.005274632
4654,5,4,43.82393507894738,472.2105263157895,20480,0.2,1.5418436467647552,-0.004219746741000563,0.7661748938262463,0.0001,0.927524209022522,0.2899937033653259,0.6293565630912781,0.0475341796875,7600,0.0065519847
4660,6,5,43.802935638297875,474.36170212765956,24576,0.2,0.86209035217762,-0.0060792498494265605,0.7678424410521985,0.0001,0.9808159470558167,0.2903127670288086,0.33372554183006287,0.0531982421875,7610,0.0061513158
4642,7,6,43.45715901724138,462.2068965517241,28672,0.2,0.9790304213762283,-0.0014927919721230865,0.7737283140420914,0.0001,0.9551687240600586,0.2893052101135254,0.37165528535842896,0.0418212890625,7620,0.0034480689
4619,8,7,42.86588639682539,475.3492063492063,32768,0.2,2.4552420511841775,-0.005001759587321431,0.7784406125545502,0.0001,0.9219093918800354,0.28887510299682617,0.6491663455963135,0.068408203125,7630,0.0100839315
4607,9,8,42.78550318309859,483.09859154929575,36864,0.2,1.363730937987566,-0.0023230019214679487,0.7789242848753929,0.0001,0.9592278003692627,0.2885514795780182,0.5990650057792664,0.088818359375,7640,0.010231242
4594,10,8,42.832625734939754,473.8192771084337,40960,0.2,1.099177970737219,-0.003084770662826486,0.7801899649202824,0.0001,0.9658145904541016,0.2878561019897461,0.4603962302207947,0.0652099609375,7650,0.0073175356
4599,11,9,43.85574385555555,479.85555555555555,45056,0.2,1.0707220248878002,-0.0003933523839805275,0.7813275292515754,0.0001,0.9730979800224304,0.28824082016944885,0.4749012291431427,0.0690185546875,7660,0.004237627
4586,12,10,41.49717565979381,487.1443298969072,49152,0.2,1.3634475752711297,-0.001984927486046217,0.7809997096657753,0.0001,0.970306932926178,0.28832152485847473,0.7920620441436768,0.0627685546875,7670,0.0034775154
4541,13,11,41.327719300000005,500.38,53248,0.2,1.3317366875708103,-0.0036864441412035377,0.7829525455832481,0.0001,0.9777396321296692,0.2878330945968628,0.5156670808792114,0.046630859375,7680,0.0045676893
4525,14,12,40.27380324,506.84,57344,0.2,1.4717727981507778,-0.003053229476790875,0.786612781137228,0.0001,0.9730940461158752,0.28686821460723877,0.5988301634788513,0.0420654296875,7690,0.008008448
4535,15,13,41.38744918000001,501.5,61440,0.2,1.1064796805381776,-0.0030678622220875694,0.7873928420245647,0.0001,0.981167733669281,0.2872808277606964,0.4686736762523651,0.0532470703125,7700,0.006930884
4544,16,14,40.62453695999999,500.46,65536,0.2,1.1938535638153553,-0.006059124800958671,0.784240897744894,0.0001,0.9645311832427979,0.2876003086566925,0.3719746470451355,0.068359375,7710,0.007344496
4538,17,15,39.66528617000001,505.35,69632,0.2,2.8799797892570496,-0.003924059457494878,0.7808682069182395,0.0001,0.926795482635498,0.2874510586261749,1.0032111406326294,0.046826171875,7720,0.006217355
4529,18,16,39.081441860000005,499.01,73728,0.2,1.8834911182522773,-0.006368077622028068,0.7812138766050338,0.0001,0.9720655083656311,0.28757980465888977,0.5955918431282043,0.07236328125,7730,0.008085214
4521,19,17,36.12356646,511.85,77824,0.2,4.5143801927566525,-0.002857724249770399,0.7825471870601177,0.0001,0.9435701966285706,0.28771287202835083,1.5876445770263672,0.03349609375,7740,0.0041179345
4512,20,18,36.34048033,514.26,81920,0.2,2.862930490076542,-0.0034650418179808184,0.7836407162249088,0.0001,0.9316347241401672,0.2873179316520691,0.9826098084449768,0.0251708984375,7750,0.004658747
4504,21,19,35.258352190000004,509.49,86016,0.2,2.6727852687239646,-0.005092805478489027,0.7814435809850693,0.0001,0.9387210607528687,0.28853029012680054,0.8781024217605591,0.0514404296875,7760,0.0049906615
4502,22,20,35.334859890000004,501.05,90112,0.2,1.5519589073956013,-0.005366424733074382,0.7740869164466858,0.0001,0.9412268400192261,0.2890896797180176,0.49083587527275085,0.0425048828125,7770,0.0045620976
4497,23,20,34.69529711,509.59,94208,0.2,1.8005814611911775,-0.0029190664368798024,0.770417982339859,0.0001,0.9275912642478943,0.28928181529045105,0.514019250869751,0.0501220703125,7780,0.0043569845
4507,24,21,33.50862299,518.03,98304,0.2,1.7515250325202942,-0.002928508896729909,0.7694695152342319,0.0001,0.9605175256729126,0.29001596570014954,0.6723327040672302,0.0510986328125,7790,0.004167525
1263,25,81,35.992164810000006,506.1,102400,0.2,2.026380035281181,-0.0053225532115902755,0.7684949055314064,0.0001,0.944927990436554,0.28990811109542847,0.9019418954849243,0.059716796875,7800,0.006845271
1279,26,83,35.9071918,500.76,106496,0.2,2.5593671411275865,-0.0021186625817790627,0.7691312178969383,0.0001,0.9773169159889221,0.29018205404281616,0.6970179080963135,0.0398193359375,7810,0.0033220057
1306,27,84,32.03529905,512.36,110592,0.2,1.9033783763647079,-0.0029896898777224123,0.7706072106957436,0.0001,0.9854512214660645,0.28922829031944275,0.8548815846443176,0.0366943359375,7820,0.0044696834
1330,28,86,32.01805034,519.08,114688,0.2,0.734825898706913,-0.003858147736173123,0.7745718963444232,0.0001,0.9879438281059265,0.2880967855453491,0.3098166584968567,0.0630126953125,7830,0.0069187256
1356,29,87,33.33460966,518.28,118784,0.2,1.4963548719882964,-0.0031793553644092754,0.7791517287492752,0.0001,0.9499083757400513,0.287641316652298,0.48602959513664246,0.0452392578125,7840,0.0040936572
1380,30,89,33.03848467,519.2,122880,0.2,2.7421285778284075,-0.0030008656831341796,0.7824560031294823,0.0001,0.9324323534965515,0.28791317343711853,1.2115583419799805,0.045703125,7850,0.008214315
1402,31,90,33.51094541999999,523.99,126976,0.2,2.246968148648739,-0.0009153431077720597,0.7817862965166569,0.0001,0.9536035656929016,0.2874726951122284,0.9339306354522705,0.06953125,7860,0.0035695657
1426,32,91,33.86041886,523.32,131072,0.2,4.00602902173996,-0.00206159170193132,0.7813562676310539,0.0001,0.921073317527771,0.28748437762260437,1.7936677932739258,0.0842041015625,7870,0.007772242
1450,33,93,33.236247430000006,527.49,135168,0.2,2.7590791538357733,-0.0036730398278450593,0.7825072020292282,0.0001,0.9305347800254822,0.2872038185596466,0.9466625452041626,0.044921875,7880,0.0069540367
1473,34,94,32.592369219999995,532.62,139264,0.2,1.3789696082472802,-0.003838255978189409,0.7861188143491745,0.0001,0.9743691682815552,0.28796643018722534,0.4625527560710907,0.044091796875,7890,0.004595631
1494,35,95,32.61932789,538.87,143360,0.2,4.631400546431541,-0.002977660865872167,0.7885630197823048,0.0001,0.9133217930793762,0.2880934476852417,1.6472069025039673,0.061328125,7900,0.0048705256
1515,36,97,31.153278970000006,548.0,147456,0.2,1.3212639637291432,-0.002544092855532654,0.7904219493269921,0.0001,0.9718719124794006,0.2881709337234497,0.4576699435710907,0.0392578125,7910,0.0036108815
1533,37,98,31.778202170000004,543.21,151552,0.2,2.372008726000786,-0.00226366441056598,0.7907523863017559,0.0001,0.9491925835609436,0.2883877754211426,0.9283995628356934,0.033740234375,7920,0.0031862753
1551,38,100,31.347278099999997,547.01,155648,0.2,4.458773502707482,-0.0031656205712351946,0.7902933202683926,0.0001,0.9459354281425476,0.2885015606880188,1.5081926584243774,0.038916015625,7930,0.005982004
1572,39,101,29.181146809999994,557.94,159744,0.2,1.411359329521656,-0.005026621461729519,0.7903632253408432,0.0001,0.9844554662704468,0.28881919384002686,0.485119491815567,0.0427490234375,7940,0.005689917
1591,40,102,32.61544694,542.88,163840,0.2,1.7468061782419682,-0.0007684116149903275,0.7911449827253818,0.0001,0.9633631706237793,0.2892307639122009,0.7877128720283508,0.062109375,7950,0.0034701033
1609,41,104,31.56014086,549.33,167936,0.2,3.576312667131424,-0.001516594336135313,0.7905138812959194,0.0001,0.9283770322799683,0.28989747166633606,1.2297590970993042,0.0554931640625,7960,0.0060444428
1624,42,105,29.534932769999998,560.8,172032,0.2,1.476145689934492,-0.00468600922904443,0.7885462507605553,0.0001,0.9832963943481445,0.29063093662261963,0.5671099424362183,0.0676513671875,7970,0.006617083
1641,43,107,29.12699368,559.84,176128,0.2,1.6648521587252616,-0.003964181657647714,0.7867436297237873,0.0001,0.9716366529464722,0.2918047606945038,0.5306042432785034,0.04541015625,7980,0.005073637
1658,44,108,31.96079554,553.03,180224,0.2,3.1853388980031014,-0.0037749588533188216,0.7861208908259869,0.0001,0.9372448325157166,0.29132890701293945,1.1146022081375122,0.0477783203125,7990,0.005473202
1673,45,110,29.621850409999997,557.19,184320,0.2,1.7126878693699836,-0.0008446573585388251,0.7880942463874817,0.0001,0.9778639078140259,0.29179346561431885,0.5887090563774109,0.0461669921875,8000,0.008661097
1690,46,111,30.032619869999998,545.03,188416,0.2,3.737127485871315,-0.0014536821661749854,0.7880756929516792,0.0001,0.9485017657279968,0.2915933430194855,1.3167167901992798,0.0489501953125,8010,0.0059035146
1704,47,112,31.439246820000005,542.62,192512,0.2,1.6653471291065216,-0.004670350406377111,0.7877921611070633,0.0001,0.9483731389045715,0.2923485040664673,0.621842622756958,0.0573486328125,8020,0.005679873
1721,48,114,30.96279022,531.3,196608,0.2,2.2021278157830237,-0.0036680183431599287,0.7830066122114658,0.0001,0.9777560830116272,0.29294028878211975,0.7732559442520142,0.0529296875,8030,0.007675218
1112,49,180,32.462732869999996,531.28,200704,0.2,1.498583972454071,-0.002853559829236474,0.7823328070342541,0.0001,0.965958833694458,0.2926638126373291,0.7242148518562317,0.0579345703125,8040,0.0067495434
1127,50,181,31.72362428,533.56,204800,0.2,1.8219128504395485,-0.005657878087367863,0.7846339769661427,0.0001,0.9449340105056763,0.2926158607006073,0.797783374786377,0.0576171875,8050,0.005071327
1140,51,183,35.48034892,503.0,208896,0.2,1.3707080416381359,-0.003934592707082629,0.7878480061888695,0.0001,0.9541130065917969,0.2920171022415161,0.5886119604110718,0.0494140625,8060,0.0100832665
1154,52,184,35.69623147,503.3,212992,0.2,0.8360452897846699,-0.003431955020641908,0.7921395540237427,0.0001,0.9868443012237549,0.29279613494873047,0.29025912284851074,0.0710205078125,8070,0.006330424
1167,53,185,35.696821310000004,502.76,217088,0.2,2.0763022363185883,-0.0012691793774138205,0.7906763702630997,0.0001,0.9745192527770996,0.2933579981327057,0.6478973627090454,0.037646484375,8080,0.0044546816
1180,54,187,36.73365547,483.32,221184,0.2,1.3996957957744598,-0.0022833762661321087,0.7910554245114326,0.0001,0.988167405128479,0.2938455641269684,0.5409890413284302,0.0550537109375,8090,0.0067998394
1193,55,188,34.275798460000004,495.62,225280,0.2,2.0919350892305375,-0.007827707071555778,0.7911432549357414,0.0001,0.9827550053596497,0.2933364808559418,0.5815075635910034,0.0669921875,8100,0.010142619
1205,56,190,33.700643250000006,500.83,229376,0.2,2.2393926203250887,-0.0035984811183880083,0.7932038940489292,0.0001,0.9253196716308594,0.2931753396987915,0.7819271683692932,0.034033203125,8110,0.0059059183
1219,57,191,31.89829799,511.34,233472,0.2,1.7745451666414738,-0.003373172934516333,0.7938923887908459,0.0001,0.9790740013122559,0.2933489680290222,0.6606322526931763,0.069921875,8120,0.005133321
1231,58,192,34.45105229999999,499.22,237568,0.2,2.085132905095816,-0.004273337266931776,0.7946640759706497,0.0001,0.9640276432037354,0.29422640800476074,0.6273481249809265,0.05869140625,8130,0.007922155
1244,59,194,34.80946675999999,504.21,241664,0.2,1.7811695232987403,-0.004346819862257689,0.7947554066777229,0.0001,0.9388161301612854,0.29484671354293823,0.6336390376091003,0.039208984375,8140,0.0032453828
1255,60,195,35.365950579999996,499.86,245760,0.2,1.6531761527061462,-0.005302791047142819,0.7984756521880627,0.0001,0.9450368285179138,0.29412251710891724,0.5401828289031982,0.070263671875,8150,0.005831132
1267,61,197,33.972324449999995,506.13,249856,0.2,2.4079537257552146,-0.0024644106495543385,0.8010900631546974,0.0001,0.9806889891624451,0.29325273633003235,1.0235145092010498,0.04716796875,8160,0.0037010494
1278,62,198,31.33023719,504.52,253952,0.2,1.7265157587826252,-0.001457420623046346,0.8050157621502876,0.0001,0.9890061616897583,0.2927568554878235,0.5140330791473389,0.0502685546875,8170,0.0053134384
1290,63,199,31.13686521,507.3,258048,0.2,2.771131034195423,-0.0014161216007778422,0.8085469536483287,0.0001,0.9520921111106873,0.29181912541389465,1.063158392906189,0.0683837890625,8180,0.007129657
1302,64,201,30.439809329999992,512.95,262144,0.2,2.3117216348648073,-0.003891957472660579,0.8123600848019124,0.0001,0.9294314384460449,0.29170873761177063,0.8220385909080505,0.060498046875,8190,0.0052903257
1314,65,202,33.12342648,512.34,266240,0.2,2.6233389183878897,-0.0036700519092846664,0.8125767782330513,0.0001,0.8716715574264526,0.29180043935775757,0.8308172225952148,0.0589599609375,8200,0.0024309773
1325,66,203,32.74563139999999,517.14,270336,0.2,2.334142743051052,-0.0017310326715232805,0.8136725150048733,0.0001,0.930465042591095,0.29140108823776245,0.7511497139930725,0.0774169921875,8210,0.0051009767
1336,67,205,35.958099350000005,514.75,274432,0.2,1.8256411753594874,-0.0024547018285375087,0.8180188655853271,0.0001,0.9199380278587341,0.2914438545703888,0.619596540927887,0.0634033203125,8220,0.004514547
1347,68,206,37.199275580000005,511.93,278528,0.2,2.4963421300053596,-0.004718491691164672,0.8170805640518666,0.0001,0.9260024428367615,0.2918906509876251,0.7774389982223511,0.072705078125,8230,0.0038238007
1358,69,207,35.82043641,516.53,282624,0.2,2.7355132788419723,-0.0058931692678015676,0.8161944687366486,0.0001,0.9687482118606567,0.2920278012752533,0.7996122241020203,0.05703125,8240,0.0059569925
1369,70,209,34.93004629000001,516.7,286720,0.2,1.4497132778167725,-0.0020436695602256806,0.8164719298481942,0.0001,0.9747530221939087,0.2921184003353119,0.49559271335601807,0.048681640625,8250,0.005062407
1380,71,210,34.341453120000004,519.86,290816,0.2,2.03303761780262,-0.0003631511914136354,0.817372028529644,0.0001,0.9654831886291504,0.2918608486652374,0.600742757320404,0.07099609375,8260,0.0063147307
1390,72,212,34.939737730000004,513.06,294912,0.2,3.8148256123065947,-0.000800793815869838,0.8177219845354557,0.0001,0.9114464521408081,0.29206645488739014,1.643343448638916,0.0519287109375,8270,0.0023082336
1401,73,213,36.248142980000004,509.61,299008,0.2,1.1625372014939785,-0.0023800473056326153,0.8190228924155235,0.0001,0.9629473686218262,0.2915014326572418,0.43864795565605164,0.05380859375,8280,0.005836595
1090,74,277,37.97245055,502.87,303104,0.2,2.985123611986637,-0.002345727688225452,0.8205496981739998,0.0001,0.9211433529853821,0.2918087840080261,0.8711634278297424,0.0359130859375,8290,0.0054652705
1099,75,279,38.03863289,509.92,307200,0.2,1.7026520490646362,-0.004840039191185497,0.8226545624434948,0.0001,0.9579028487205505,0.2910308241844177,0.7699905037879944,0.064794921875,8300,0.006730249
1109,76,280,39.43784554,510.58,311296,0.2,1.3209641732275486,-0.0019423486897721886,0.8300710670650006,0.0001,0.9406374096870422,0.28957104682922363,0.4517819583415985,0.033203125,8310,0.0018333294
1118,77,282,39.146715,507.0,315392,0.2,1.5599105827510358,-0.0023741139331832526,0.8359169065952301,0.0001,0.9296839237213135,0.28855034708976746,0.9878207445144653,0.05927734375,8320,0.00893558
1127,78,283,38.008570639999995,513.97,319488,0.2,2.279788573086262,-0.003493060517939739,0.838227791339159,0.0001,0.9362786412239075,0.28902217745780945,0.6827278137207031,0.0463134765625,8330,0.0056991233
1136,79,284,37.99833225,524.23,323584,0.2,2.0950959965586664,-0.0027872201215359384,0.8385021559894085,0.0001,0.9443717002868652,0.28834089636802673,0.5105964541435242,0.0625,8340,0.005420003
1145,80,285,37.02502315,518.43,327680,0.2,2.3461828410625456,-0.006823114264989272,0.8397371612489224,0.0001,0.9308265447616577,0.28810977935791016,0.6790722012519836,0.0797607421875,8350,0.006713289
1153,81,287,38.68309825,504.29,331776,0.2,1.418273988366127,-0.006459474850271363,0.8418647639453412,0.0001,0.9677252173423767,0.2882775068283081,0.5499916672706604,0.0834716796875,8360,0.009623371
1161,82,289,39.490886929999995,497.2,335872,0.2,2.4172484770417215,-0.002510738943965407,0.842084527015686,0.0001,0.9376576542854309,0.2894459664821625,1.2263519763946533,0.0372314453125,8370,0.0039191754
1169,83,290,40.913735339999995,491.43,339968,0.2,2.061976692080498,-0.003345544310286641,0.8408587515354157,0.0001,0.9730294346809387,0.28890329599380493,0.456593781709671,0.0517333984375,8380,0.005570247
1178,84,291,38.17757947,512.87,344064,0.2,0.7658997420221567,-0.0018005581325269305,0.8465458177030086,0.0001,0.9911002516746521,0.2879861295223236,0.26002368330955505,0.0533447265625,8390,0.009160437
1187,85,293,37.677460530000005,514.03,348160,0.2,2.923099046945572,-0.001784867767128162,0.8522298499941826,0.0001,0.9651479125022888,0.28771743178367615,1.06388521194458,0.054833984375,8400,0.0046577975
1195,86,294,37.55638235,518.22,352256,0.2,1.2137402713298797,-0.003780121629824862,0.8499859653413295,0.0001,0.963752269744873,0.28790512681007385,0.5198686718940735,0.028466796875,8410,0.0033024717
1204,87,295,37.82446728,530.76,356352,0.2,1.8893451973795892,-0.00201583206653595,0.8483437448740005,0.0001,0.960383951663971,0.28745806217193604,0.6191414594650269,0.0649658203125,8420,0.0069088414
1211,88,297,37.75017556,531.25,360448,0.2,2.4850533232092857,-0.003190320811700076,0.8526402145624161,0.0001,0.9188466668128967,0.2863227128982544,0.6483554244041443,0.0514404296875,8430,0.005720406
1220,89,298,36.245398460000004,539.82,364544,0.2,2.907736596465111,-0.004731483053183183,0.8549296289682389,0.0001,0.9165555834770203,0.28663480281829834,0.8091498613357544,0.0422119140625,8440,0.0047670794
1228,90,300,35.494323310000006,543.95,368640,0.2,2.6340797364711763,-0.0032152125029824676,0.8546292029321194,0.0001,0.9152555465698242,0.2866267263889313,0.5725232362747192,0.0677978515625,8450,0.0054419814
1236,91,301,35.416003720000006,542.14,372736,0.2,3.9473375022411346,-0.0031007266050437467,0.8563786931335926,0.0001,0.8613542914390564,0.2860018312931061,0.7343022227287292,0.0843505859375,8460,0.010853155
1244,92,302,36.785546509999996,525.0,376832,0.2,3.9270102202892305,-0.004157491537625901,0.8598786041140556,0.0001,0.8519517183303833,0.28573906421661377,1.3529990911483765,0.046435546875,8470,0.005926826
1251,93,304,36.880501960000004,514.53,380928,0.2,2.669611358642578,-0.002116160839796066,0.858762850612402,0.0001,0.9312748908996582,0.28590500354766846,1.1065757274627686,0.04033203125,8480,0.005799505
1257,94,306,35.131558659999996,520.23,385024,0.2,1.4665105894207955,-0.004266613768413663,0.8564331836998462,0.0001,0.974334180355072,0.28610295057296753,0.6175001859664917,0.0706298828125,8490,0.0066644046
1265,95,307,34.88464585,514.03,389120,0.2,8.817580752074718,-0.001341303004301153,0.8525476634502411,0.0001,0.8977329730987549,0.28668662905693054,3.54119610786438,0.0486572265625,8500,0.0057895277
1272,96,308,36.88312311,495.19,393216,0.2,2.192662164568901,-0.0012559266906464472,0.849876007437706,0.0001,0.9363640546798706,0.2864333689212799,0.5852461457252502,0.0695556640625,8510,0.0036017643
1280,97,310,37.299064109999996,496.27,397312,0.2,1.7944140799343586,-0.0022206013090908527,0.846907576918602,0.0001,0.9774134755134583,0.2870086133480072,0.5135695934295654,0.043310546875,8520,0.0033691253
1064,98,377,34.864451419999995,514.8,401408,0.2,1.2771031081676483,-0.0035430178919341414,0.8437735371291637,0.0001,0.983411431312561,0.2868803143501282,0.3757454752922058,0.04453125,8530,0.0035376614
1071,99,378,34.696600409999995,512.23,405504,0.2,1.9164036810398102,-0.0060723335343936926,0.8455906294286251,0.0001,0.9601337313652039,0.2868737578392029,0.8724825978279114,0.0655029296875,8540,0.005770576
1078,100,379,32.69574153,509.96,409600,0.2,1.7866044878959655,-0.0028401349190971814,0.8422472976148129,0.0001,0.9700230360031128,0.28779736161231995,0.544281005859375,0.0300537109375,8550,0.0048635043
1085,101,381,33.85578011,497.75,413696,0.2,2.3407916978001593,-0.00425374569313135,0.836975809186697,0.0001,0.9702720046043396,0.2882308065891266,0.7732549905776978,0.0468994140625,8560,0.0048739547
1092,102,382,33.33543729,485.08,417792,0.2,3.6350107833743097,-0.0022335931629640982,0.8355120666325092,0.0001,0.9076117277145386,0.2879807949066162,1.164002776145935,0.0319580078125,8570,0.004242244
1099,103,383,33.11719961,486.96,421888,0.2,7.357339450716973,-0.0033078895110520536,0.8338396988809109,0.0001,0.8663928508758545,0.2885031998157501,3.0719211101531982,0.0339111328125,8580,0.005639161
1106,104,385,30.964901559999998,499.94,425984,0.2,2.624519629776478,-0.004247945998213254,0.8291841469705105,0.0001,0.928470253944397,0.2892817556858063,0.7502809762954712,0.07490234375,8590,0.006459747
1113,105,386,30.657672559999995,505.34,430080,0.2,2.4816007360816004,-0.0023934745200676843,0.8281356684863568,0.0001,0.9365381002426147,0.28953516483306885,0.8377324938774109,0.041748046875,8600,0.00569403
1118,106,388,31.63772676,510.74,434176,0.2,3.1556535005569457,-0.0014014486339874565,0.8299867615103722,0.0001,0.9114880561828613,0.2894778847694397,1.1774855852127075,0.0251953125,8610,0.0049379617
1125,107,389,33.46479248,521.14,438272,0.2,1.4707667753100395,-0.005922154450672679,0.8303545199334621,0.0001,0.9742118120193481,0.2895594835281372,0.41049012541770935,0.057080078125,8620,0.0076345038
1131,108,390,32.69352862,531.51,442368,0.2,1.2088766738772392,-0.0035952776786871256,0.8313552729785443,0.0001,0.9677919149398804,0.2902258634567261,0.5914886593818665,0.0796630859375,8630,0.008409096
1138,109,392,33.37138783000001,533.92,446464,0.2,1.2048685632646083,-0.003763052003341727,0.8329016149044037,0.0001,0.9579014778137207,0.2906213104724884,0.5933712720870972,0.069482421875,8640,0.0068516335
1144,110,393,34.414838,521.86,450560,0.2,1.8143521085381509,-0.0023570834877318704,0.8344219937920571,0.0001,0.9223915338516235,0.29013893008232117,0.6421842575073242,0.0410888671875,8650,0.008661066
1150,111,395,36.01173730000001,512.82,454656,0.2,2.0760258391499518,-0.0028498760366346687,0.8361498497426509,0.0001,0.9311589002609253,0.29080426692962646,0.7212014198303223,0.046435546875,8660,0.0086607
1157,112,396,36.507196,501.09,458752,0.2,3.8230285689234735,-0.002451964061765466,0.8365214250981807,0.0001,0.8356031775474548,0.29037386178970337,1.6298315525054932,0.0373046875,8670,0.00493613
1163,113,397,38.01828322,504.38,462848,0.2,1.1376855209469796,-0.003247688853298314,0.8380306243896485,0.0001,0.9710659980773926,0.29047641158103943,0.34418001770973206,0.0581298828125,8680,0.009280242
1169,114,399,38.96518907999999,505.73,466944,0.2,1.2947344087064265,-0.0029820304218446834,0.8396508127450943,0.0001,0.9284995198249817,0.2902572453022003,0.6220055818557739,0.1007080078125,8690,0.006080081
1175,115,400,40.83812911,496.45,471040,0.2,0.663591168820858,-0.0026532861636951567,0.8430292472243309,0.0001,0.9655299186706543,0.2895181179046631,0.30355745553970337,0.066796875,8700,0.0077218865
1181,116,402,41.86310816,489.72,475136,0.2,1.1275048717856406,-0.004670645846636035,0.84574875831604,0.0001,0.9552310109138489,0.2903269827365875,0.38253408670425415,0.05322265625,8710,0.0052130884
1188,117,403,42.14077930000001,499.01,479232,0.2,0.8027827262878418,-0.005073533754330129,0.8451120682060719,0.0001,0.9820626378059387,0.29108473658561707,0.3101581037044525,0.070849609375,8720,0.0073822183
1194,118,404,42.027917749999986,495.52,483328,0.2,1.0435550026595592,-0.0024387967292568646,0.8465961672365665,0.0001,0.9489689469337463,0.29102998971939087,0.4099821448326111,0.0403564453125,8730,0.0052795405
1200,119,405,43.00053494000001,492.57,487424,0.2,1.7745282992720603,-0.003050448451540433,0.8513112336397171,0.0001,0.9340300559997559,0.2903619706630707,0.616252064704895,0.05693359375,8740,0.005052134
1206,120,407,41.09905181999999,512.23,491520,0.2,1.7659145876765252,-0.004360723993158899,0.8537547007203102,0.0001,0.9625685214996338,0.2910114824771881,0.5905690789222717,0.05830078125,8750,0.009536609
1212,121,408,41.27677011,513.62,495616,0.2,1.1721995495259763,-0.0035754724041908046,0.8522419027984143,0.0001,0.9756579399108887,0.29027456045150757,0.4379030764102936,0.068505859375,8760,0.007567551
1218,122,410,41.96969523,502.2,499712,0.2,2.8383462108671664,-0.002822330927301664,0.8552864588797092,0.0001,0.8930745124816895,0.2893601655960083,1.1152557134628296,0.075048828125,8770,0.012035653
1058,123,476,40.96765549999999,508.8,503808,0.2,3.712850123643875,-0.002145365747855976,0.8574726283550262,0.0001,0.9121640920639038,0.2900473475456238,1.7444372177124023,0.058349609375,8780,0.0044230632
1063,124,477,38.58487547,508.49,507904,0.2,2.166047264635563,-0.00043626375845633446,0.8548111155629158,0.0001,0.9361367225646973,0.2908436357975006,0.5782573223114014,0.0421142578125,8790,0.0054849484
1069,125,478,38.230632490000005,510.52,512000,0.2,2.6093617871403696,-0.0037450041330885143,0.8550728656351566,0.0001,0.941031813621521,0.2907937467098236,0.9106413722038269,0.06611328125,8800,0.0041175443
1074,126,480,38.015184680000004,507.81,516096,0.2,1.2086342960596084,-0.0055209884158102795,0.8555346854031086,0.0001,0.9646920561790466,0.2911560535430908,0.41238248348236084,0.10263671875,8810,0.005217408
1079,127,481,38.176008769999996,511.83,520192,0.2,2.976972168684006,-0.005066179682034999,0.8544201090931892,0.0001,0.917386531829834,0.29153263568878174,0.7834818363189697,0.0713623046875,8820,0.007032942
1085,128,483,37.59129883000001,515.46,524288,0.2,1.2426322743296623,-0.0032809480879222976,0.8571225136518479,0.0001,0.9727272987365723,0.29042157530784607,0.5092495679855347,0.0579833984375,8830,0.007913256
1090,129,484,37.646239249999994,521.46,528384,0.2,1.178247232735157,-0.006651328137377277,0.8616889506578446,0.0001,0.9533690810203552,0.28978288173675537,0.33799052238464355,0.070068359375,8840,0.01247815
1096,130,485,39.09186585,510.89,532480,0.2,0.6374940395355224,-0.004899592435685917,0.8672141000628472,0.0001,0.9730488657951355,0.2899232506752014,0.2853296399116516,0.035498046875,8850,0.005721688
1101,131,486,38.14025435,504.3,536576,0.2,1.2700442343950271,-0.0017875330551760272,0.8696293219923973,0.0001,0.9411916136741638,0.2905831038951874,0.3792593479156494,0.0528076171875,8860,0.0035708512
1107,132,488,39.17447331,512.33,540672,0.2,1.1070072270929814,-0.0021087498898850754,0.8672804616391658,0.0001,0.9740663170814514,0.29128721356391907,0.3629269301891327,0.0767578125,8870,0.005457919
1112,133,489,40.65379374,500.74,544768,0.2,1.063783421367407,-0.005423130691633559,0.867490653693676,0.0001,0.9623643159866333,0.2910153865814209,0.34144118428230286,0.07392578125,8880,0.005227174
1117,134,490,40.743584489999996,496.2,548864,0.2,2.2504942670464514,-0.003982776013435796,0.8683696843683719,0.0001,0.9239333868026733,0.2915588319301605,0.6504949927330017,0.0338623046875,8890,0.0033229794
1123,135,492,40.45965859999999,511.65,552960,0.2,2.134377534687519,-0.004646488858270459,0.8668748810887337,0.0001,0.9360624551773071,0.2911231219768524,1.1829885244369507,0.0619873046875,8900,0.006001265
1128,136,493,44.150392599999996,493.24,557056,0.2,0.9980354093015193,-0.001997400187246967,0.8709846898913384,0.0001,0.9580128788948059,0.29065006971359253,0.417585551738739,0.02646484375,8910,0.004373745
1133,137,495,44.28883509,496.37,561152,0.2,1.416395267099142,-0.004159353268914856,0.8772247709333897,0.0001,0.9595509171485901,0.29165324568748474,0.5011311769485474,0.0776611328125,8920,0.006324302
1138,138,496,43.74258824999999,502.77,565248,0.2,1.2815980643033982,-0.0034645966428797693,0.873662343621254,0.0001,0.9697011709213257,0.2915874123573303,0.5191876292228699,0.0386474609375,8930,0.003514193
1143,139,497,42.937992990000005,507.4,569344,0.2,2.1796372145414353,-0.0033778415876440705,0.8736705869436264,0.0001,0.9236698746681213,0.2914069592952728,0.623081624507904,0.0580078125,8940,0.0054845195
1148,140,499,42.13271623,518.95,573440,0.2,2.1082524716854096,-0.0026912139874184504,0.8750485889613628,0.0001,0.9420862793922424,0.2913445830345154,0.9083176851272583,0.1087890625,8950,0.021011237
1153,141,500,42.201188730000005,518.45,577536,0.2,2.1346298903226852,-0.0022811993709183297,0.8768016442656517,0.0001,0.9288060665130615,0.2909771203994751,0.8944746851921082,0.045556640625,8960,0.0057514776
1158,142,502,41.912462070000004,515.47,581632,0.2,2.8755074188113214,-0.007042315055150539,0.8777464650571346,0.0001,0.9190124273300171,0.29070913791656494,1.1821515560150146,0.0692626953125,8970,0.007765915
1163,143,503,41.502912079999994,522.16,585728,0.2,2.399076835811138,-0.0031218993943184616,0.8760888010263443,0.0001,0.9170486330986023,0.2914610207080841,0.9690381288528442,0.0637451171875,8980,0.011408054
1168,144,504,42.00129561999999,517.29,589824,0.2,1.0543041028082372,-0.005653658797382377,0.8752625256776809,0.0001,0.9689455628395081,0.29071998596191406,0.4100554883480072,0.0660400390625,8990,0.005777606
1173,145,506,42.22386087000001,505.41,593920,0.2,0.6823501456528902,-0.0038736450602300464,0.8750574648380279,0.0001,0.9620402455329895,0.29141396284103394,0.2285427749156952,0.060009765625,9000,0.0051063737
1178,146,507,41.17075646,509.96,598016,0.2,2.845495048165321,-0.0038441312965005634,0.8749949291348458,0.0001,0.8748072981834412,0.2917519509792328,0.8568432927131653,0.044384765625,9010,0.0048160683
1050,147,572,42.49689496,498.76,602112,0.2,1.7793947704136373,-0.0006355733814416454,0.8736797645688057,0.0001,0.9333708882331848,0.2917144298553467,0.566583514213562,0.0649658203125,9020,0.0030354592
1055,148,574,41.22236381,504.23,606208,0.2,2.0917905285954475,-0.002796842233510688,0.8730178229510784,0.0001,0.9342739582061768,0.2922309935092926,0.7291920781135559,0.0433837890625,9030,0.0040548155
1060,149,575,40.282784279999994,518.36,610304,0.2,1.3172611825168132,-0.005932641764957225,0.8717933133244514,0.0001,0.9694297909736633,0.29202625155448914,0.44098350405693054,0.059716796875,9040,0.005893584
1065,150,576,39.71253656000001,524.81,614400,0.2,1.5710214383900165,-0.0029864580486901105,0.8747514478862286,0.0001,0.9307847023010254,0.29123109579086304,0.4851780831813812,0.048388671875,9050,0.008317438
1069,151,578,41.08791419,510.06,618496,0.2,2.0534744769334794,-0.002692400656815153,0.8790039926767349,0.0001,0.9201971292495728,0.29120972752571106,0.5174931287765503,0.0673095703125,9060,0.010429967
1074,152,579,40.829508770000004,507.38,622592,0.2,1.8816768854856492,-0.002865927355014719,0.8794725447893142,0.0001,0.9373176693916321,0.29166799783706665,0.6008260846138,0.059228515625,9070,0.0060458444
1079,153,580,40.98199495,503.29,626688,0.2,1.4737325757741928,-0.003123790567042306,0.879678925871849,0.0001,0.9605743885040283,0.2913814187049866,0.539240300655365,0.043017578125,9080,0.0077024093
1083,154,582,40.5663615,510.23,630784,0.2,0.9085759945213795,-0.00426494066050509,0.8792099043726921,0.0001,0.976874053478241,0.29215294122695923,0.377034991979599,0.0753173828125,9090,0.0050783497
1088,155,583,40.88287109,502.57,634880,0.2,1.0501439094543457,-0.0036275720805861054,0.8793464824557304,0.0001,0.9741677045822144,0.2923683524131775,0.38289257884025574,0.045361328125,9100,0.003368684
1092,156,584,40.895506649999994,502.27,638976,0.2,1.2030056886374951,-0.0037708200950874017,0.8806857496500016,0.0001,0.9469845294952393,0.2917759418487549,0.4584392309188843,0.0842041015625,9110,0.0053265505
1096,157,586,40.52595726999999,511.18,643072,0.2,1.2553561590611935,-0.00432577587198466,0.8846065916121006,0.0001,0.9490401148796082,0.2914188802242279,0.36840754747390747,0.0523193359375,9120,0.0063692485
1101,158,587,41.67064222000001,512.81,647168,0.2,0.8927387379109859,-0.0035567464379710144,0.8860733799636364,0.0001,0.9677121639251709,0.2915513515472412,0.3440689444541931,0.0602783203125,9130,0.006481933
1105,159,589,41.42822846,506.83,651264,0.2,0.7698443174362183,-0.0017262037727050483,0.8889646716415882,0.0001,0.9593740701675415,0.2919163107872009,0.3557153642177582,0.067578125,9140,0.0054679066
1109,160,590,41.64990168,505.74,655360,0.2,1.3997227236628533,-0.0032917679782258347,0.894371534883976,0.0001,0.9508572816848755,0.2905731797218323,0.6524567604064941,0.0554443359375,9150,0.004259986
1113,161,592,42.19477624000001,499.65,659456,0.2,1.9846016198396683,-0.0021471522588399237,0.8975104801356792,0.0001,0.9669956564903259,0.2908797562122345,0.6775858998298645,0.065576171875,9160,0.005908589
1117,162,593,40.78694234,497.67,663552,0.2,1.4324131332337857,-0.0024673248117323965,0.8960634000599385,0.0001,0.9652661085128784,0.2910136878490448,0.48558908700942993,0.0515380859375,9170,0.007216518
1121,163,595,40.97009254999999,501.58,667648,0.2,1.5679899364709855,-0.0016509581299033016,0.8953258343040943,0.0001,0.9583719372749329,0.2912682294845581,0.6615219116210938,0.056884765625,9180,0.004842758
1126,164,596,40.45414635,506.24,671744,0.2,0.8167741317301989,-0.0024051016807788983,0.89396862834692,0.0001,0.9826347827911377,0.2918888330459595,0.3375399112701416,0.0691162109375,9190,0.003379824
1130,165,597,40.93697131,509.02,675840,0.2,1.8850823476910592,-0.0024113132007187233,0.8941850826144219,0.0001,0.9481073021888733,0.2920449674129486,0.5526369214057922,0.0541259765625,9200,0.008854324
1134,166,599,40.48747501,500.13,679936,0.2,1.4520216219127178,-0.005710984213510528,0.8949296586215496,0.0001,0.9403601884841919,0.2917574346065521,0.34926140308380127,0.0373046875,9210,0.0050523775
1138,167,600,40.600843440000006,508.55,684032,0.2,2.5710234835743906,-0.0027839779810165054,0.8985798098146915,0.0001,0.9567016959190369,0.2906927168369293,0.9784026741981506,0.0385009765625,9220,0.003837661
1143,168,602,39.54152202000001,516.21,688128,0.2,2.353565628826618,-0.0016201975813601166,0.9043608948588371,0.0001,0.9340261816978455,0.2905268669128418,0.9536346197128296,0.048095703125,9230,0.005105707
1147,169,603,40.10260334,514.87,692224,0.2,1.4686674281954766,-0.0026314123184420168,0.9049241185188294,0.0001,0.9480074644088745,0.29049476981163025,0.5393500328063965,0.0427490234375,9240,0.003929141
1151,170,604,39.93452554,508.45,696320,0.2,2.4826144382357596,-0.003673497142153792,0.9061540499329567,0.0001,0.9534643292427063,0.2909531891345978,0.7740967869758606,0.0481689453125,9250,0.004571883
1042,171,672,37.30365514,518.93,700416,0.2,0.8173906691372395,-0.003500731711392291,0.9054354526102543,0.0001,0.9855007529258728,0.2907881438732147,0.33583977818489075,0.0580322265625,9260,0.0061129276
1046,172,672,37.66326947999999,523.6,704512,0.2,0.6781642876565457,-0.0016343345836503432,0.9102173104882241,0.0001,0.9845228791236877,0.29016757011413574,0.2500944137573242,0.066455078125,9270,0.0039033876
1051,173,673,38.82511927,522.77,708608,0.2,0.639605613052845,-0.0037090582976816223,0.9145340271294117,0.0001,0.9697269797325134,0.2908363342285156,0.26355695724487305,0.0685546875,9280,0.0052815857
1055,174,675,41.74194917,518.55,712704,0.2,2.0111421555280686,-0.0025028518575709313,0.9160170279443264,0.0001,0.8992314338684082,0.28968414664268494,0.8309537768363953,0.043408203125,9290,0.004619102
1060,175,676,39.57136783000001,521.48,716800,0.2,2.080546700954437,-0.0035847137245582418,0.9211532734334469,0.0001,0.9563011527061462,0.2896718978881836,0.6999889612197876,0.0498291015625,9300,0.0038436058
1064,176,677,39.07622995,520.15,720896,0.2,1.554192065447569,-0.0030950620130170137,0.9238455824553966,0.0001,0.9544274210929871,0.2891465723514557,0.5090371966362,0.0415283203125,9310,0.0043054456
1069,177,677,39.425225499999996,527.86,724992,0.2,2.029312814772129,-0.0009450532379560173,0.9281821705400943,0.0001,0.9067909717559814,0.28912168741226196,0.6986910104751587,0.079638671875,9320,0.005065838
1073,178,679,39.5247276,516.17,729088,0.2,1.4990225560963153,-0.0031046379677718504,0.9304997809231281,0.0001,0.9523111581802368,0.2887585163116455,0.5748096704483032,0.0514404296875,9330,0.0056247483
1078,179,679,39.01624422999999,518.08,733184,0.2,3.109180974960327,-0.0013369660038733855,0.9331619329750538,0.0001,0.8929035067558289,0.2891343832015991,0.6596736907958984,0.04970703125,9340,0.0061714007
1082,180,680,40.14081695,508.93,737280,0.2,1.1340007074177265,-0.0037167282949667423,0.933833958208561,0.0001,0.9597062468528748,0.28919774293899536,0.35201647877693176,0.0650146484375,9350,0.006976434
1087,181,681,40.31837665,499.8,741376,0.2,1.3705705136060715,-0.0040459638345055286,0.9361536562442779,0.0001,0.9649407267570496,0.2885609567165375,0.4172845780849457,0.0450439453125,9360,0.0060875937
1091,182,682,37.45159131,517.42,745472,0.2,2.642875410616398,-0.00229372977046296,0.9349662996828556,0.0001,0.9532361626625061,0.28870144486427307,1.5270875692367554,0.056640625,9370,0.006635942
1096,183,683,39.12083002,516.23,749568,0.2,0.8291736602783203,-0.0034100884338840844,0.9339629918336868,0.0001,0.9688397645950317,0.28841111063957214,0.306704044342041,0.0694091796875,9380,0.0057703964
1100,184,684,39.36757773,509.47,753664,0.2,3.0352989748120307,-0.0006379118742188439,0.9349544987082481,0.0001,0.9273430109024048,0.2881941497325897,0.6789727210998535,0.0574462890625,9390,0.008534372
1104,185,685,39.10938122,513.79,757760,0.2,1.2035997651517392,-0.0016299348368193022,0.9371159955859184,0.0001,0.9800090193748474,0.2871796488761902,0.5811389088630676,0.0695068359375,9400,0.0050067357
1109,186,686,36.473191619999994,518.78,761856,0.2,1.264800276607275,-0.0022550689398485703,0.9422509774565697,0.0001,0.9782365560531616,0.28684258460998535,0.2531316876411438,0.04267578125,9410,0.0027216598
1113,187,687,37.557081749999995,505.27,765952,0.2,0.6809240579605103,-0.0007865846666391008,0.9466784201562405,0.0001,0.9798674583435059,0.28714731335639954,0.34296470880508423,0.0498046875,9420,0.0029425402
1118,188,688,38.763262319999995,513.09,770048,0.2,1.6121978595852853,-0.001043929305160418,0.94507469907403,0.0001,0.9317353367805481,0.2891744375228882,0.6326927542686462,0.054833984375,9430,0.0055469247
1122,189,689,39.94769158,511.75,774144,0.2,1.2993788495659828,-0.0028417470282875003,0.9374922424554825,0.0001,0.9794439673423767,0.2904156744480133,0.5664486289024353,0.07021484375,9440,0.0047770236
1126,190,690,38.0051288,513.68,778240,0.2,1.2851755492389203,-0.004177639257977717,0.9324531488120555,0.0001,0.9844575524330139,0.2917444705963135,0.511489748954773,0.0396484375,9450,0.0039783386
1131,191,691,38.46544565999999,520.53,782336,0.2,1.5760014593601226,-0.003076077984587755,0.9295420348644257,0.0001,0.9645851850509644,0.29211491346359253,0.5108907222747803,0.0490234375,9460,0.009469274
1135,192,692,37.039535099999995,529.52,786432,0.2,0.8526718981564045,-0.0027502920740516855,0.9293713323771954,0.0001,0.9926965832710266,0.2923063635826111,0.3109644949436188,0.055078125,9470,0.006984397
1139,193,693,37.19657843,530.33,790528,0.2,1.437543862313032,-0.00023915631754789501,0.9320041544735431,0.0001,0.9802436232566833,0.29194802045822144,0.6210340261459351,0.0869873046875,9480,0.007409626
1144,194,694,37.10504937,536.52,794624,0.2,1.6699594862759113,-0.004236530218622647,0.9342520572245121,0.0001,0.9528255462646484,0.2920118272304535,0.5432389378547668,0.071875,9490,0.005286004
1148,195,695,39.24781135,518.35,798720,0.2,1.0216967210173606,-0.002578673904645257,0.9334382720291614,0.0001,0.9836792945861816,0.29191312193870544,0.42650333046913147,0.0781494140625,9500,0.007953901
1087,196,738,39.637857280000006,532.75,802816,0.2,1.8924990214407444,-0.0012525987331173383,0.9317826606333256,0.0001,0.9197189807891846,0.2919882535934448,0.62724369764328,0.04541015625,9510,0.0037295301
1091,197,739,39.91847048,523.33,806912,0.2,1.563978485018015,-0.0020987265990697777,0.9307826273143291,0.0001,0.9272962212562561,0.29141873121261597,0.5717916488647461,0.0705078125,9520,0.0060056997
1095,198,740,42.12676439,504.91,811008,0.2,1.6775038808584213,-0.0040067215115414,0.9311745814979077,0.0001,0.9584678411483765,0.291432648897171,0.9238584637641907,0.0326904296875,9530,0.004733171
1099,199,741,40.36707798,504.0,815104,0.2,2.901638036966324,-0.0040111655078362675,0.934867226332426,0.0001,0.9523540139198303,0.2904914617538452,0.8400132060050964,0.0580810546875,9540,0.0050154985
1103,200,742,37.42634995,514.0,819200,0.2,1.369095940887928,-0.002378601461532526,0.9389364078640938,0.0001,0.9821812510490417,0.29034435749053955,0.46360668540000916,0.0565185546875,9550,0.0072477767
1107,201,743,37.30175373,518.44,823296,0.2,1.3782322719693183,-0.005196843110024929,0.9384559735655784,0.0001,0.987899899482727,0.2906530797481537,0.5751191973686218,0.0639404296875,9560,0.0052642524
1111,202,744,37.8253883,501.39,827392,0.2,1.765484942495823,-0.0011016460368409753,0.9380762711167335,0.0001,0.9817788004875183,0.29054170846939087,0.34567487239837646,0.07353515625,9570,0.012095064
1115,203,745,34.31948629,532.11,831488,0.2,3.064979813992977,-0.003169740521116182,0.9384374387562275,0.0001,0.9786786437034607,0.2899475693702698,1.137672781944275,0.0627685546875,9580,0.0058941985
1119,204,746,32.40150352999999,541.78,835584,0.2,1.2497463010251522,-0.00557459236588329,0.9440546877682209,0.0001,0.9906286001205444,0.2887556254863739,0.4571553170681,0.06328125,9590,0.006836022
1123,205,747,34.09688723,533.06,839680,0.2,1.5672225221991538,-0.0022574217146029696,0.9496854297816754,0.0001,0.9588893055915833,0.28921788930892944,0.6044554710388184,0.04033203125,9600,0.003998974
1127,206,748,30.677251999999996,547.46,843776,0.2,1.7364461354911327,-0.0035139640705892814,0.9479402072727681,0.0001,0.9807251691818237,0.2899821996688843,0.6073699593544006,0.056103515625,9610,0.0052830353
1131,207,749,31.064062949999993,545.28,847872,0.2,1.1244225069880485,-0.0017520597742986866,0.9476396270096302,0.0001,0.9869339466094971,0.28958335518836975,0.5697245001792908,0.039208984375,9620,0.006151936
1135,208,750,30.96043675,540.71,851968,0.2,1.7491465300321578,-0.0044826399243902415,0.9503673538565636,0.0001,0.9389820694923401,0.2888864576816559,0.6921740174293518,0.0889892578125,9630,0.010483906
1139,209,751,28.406840830000007,536.21,856064,0.2,1.5857209712266922,-0.0020410995319252835,0.9541275322437286,0.0001,0.9901062846183777,0.2873716354370117,0.5151352286338806,0.052685546875,9640,0.009091517
1143,210,752,28.14702882,540.04,860160,0.2,2.1823252379894256,-0.002033030168968253,0.9582923471927642,0.0001,0.962803840637207,0.287435919046402,0.5589767098426819,0.0463134765625,9650,0.0069087557
1147,211,753,28.578719110000005,542.47,864256,0.2,2.4073261439800264,-0.0028522644395707177,0.9601856894791126,0.0001,0.9118667244911194,0.28727105259895325,1.304980754852295,0.0591796875,9660,0.0074331407
1151,212,754,29.58477722,543.3,868352,0.2,0.8869079366326332,-0.0026931804226478563,0.9617783635854721,0.0001,0.9703873991966248,0.2874666154384613,0.41483524441719055,0.0429931640625,9670,0.004151227
1155,213,755,31.581487599999996,531.2,872448,0.2,1.650742281228304,0.00028807227936340497,0.9626329094171524,0.0001,0.9542999267578125,0.2874574661254883,0.5083572268486023,0.0744873046875,9680,0.0043757395
1159,214,756,33.473743840000004,524.45,876544,0.2,1.3971409648656845,-0.0018754003700450993,0.9680054962635041,0.0001,0.9480389356613159,0.28692594170570374,0.4744717478752136,0.0585205078125,9690,0.0045857755
1163,215,757,31.998261469999992,518.89,880640,0.2,1.9870748110115528,-0.0022536755888722835,0.9724785588681698,0.0001,0.965978741645813,0.2859730124473572,0.6699399948120117,0.0956787109375,9700,0.013837708
1166,216,758,37.02683364999999,485.21,884736,0.2,0.8965197183191776,-0.0011996788874967025,0.9744902744889259,0.0001,0.9784563183784485,0.2858644723892212,0.35614749789237976,0.0503662109375,9710,0.0036105453
1170,217,759,37.04465563,485.03,888832,0.2,1.585914970934391,-0.0023597247840370984,0.9742293737828731,0.0001,0.9770535826683044,0.285308301448822,0.5819636583328247,0.05771484375,9720,0.005936943
1174,218,760,37.749020949999995,474.96,892928,0.2,1.3629713535308838,-0.0065807207429315895,0.9755477838218212,0.0001,0.9890718460083008,0.2851872444152832,0.4629961848258972,0.049072265625,9730,0.004602801
1178,219,761,37.15209205,479.15,897024,0.2,3.534991380572319,-0.004690417613892351,0.978681642562151,0.0001,0.957491934299469,0.28472229838371277,1.2157231569290161,0.06552734375,9740,0.0060160025
1118,220,805,40.407574159999996,464.51,901120,0.2,1.8623146139085294,-0.00132454700069502,0.981960977613926,0.0001,0.9307757019996643,0.28425318002700806,0.4992687404155731,0.061083984375,9750,0.004550544
1122,221,806,39.35326824,468.28,905216,0.2,1.7844323113560676,-0.003891642397502437,0.984965980798006,0.0001,0.9570519924163818,0.28468286991119385,0.6173630356788635,0.0729248046875,9760,0.0051818197
1125,222,807,38.64262301,470.65,909312,0.2,2.3219335079193115,-0.0013779691216768697,0.9851485691964627,0.0001,0.950046956539154,0.28395214676856995,0.7944581508636475,0.054052734375,9770,0.0047812737
1129,223,808,37.536725819999994,479.44,913408,0.2,1.6145943723618985,0.00017028131114784628,0.988461796194315,0.0001,0.9556897282600403,0.2836180627346039,0.47013071179389954,0.102001953125,9780,0.012097802
1133,224,809,37.79243744,488.67,917504,0.2,1.8643014565110207,-0.0030072274908889084,0.9892121724784374,0.0001,0.9340320229530334,0.2838602662086487,0.5182814002037048,0.0533447265625,9790,0.0057295775
1137,225,810,36.61461674,492.91,921600,0.2,1.560912622511387,-0.001263388924417086,0.9882880076766014,0.0001,0.9531096816062927,0.28467613458633423,0.5200070738792419,0.0624755859375,9800,0.0056599565
1141,226,811,36.45650756,496.13,925696,0.2,0.8741572968661785,-0.0027564590651309117,0.9871034033596515,0.0001,0.9772396087646484,0.2838771939277649,0.36159563064575195,0.0584716796875,9810,0.0059103696
1144,227,812,37.2559617,505.18,929792,0.2,1.5264106035232543,-0.002613543946063146,0.9872450873255729,0.0001,0.9402408599853516,0.2837100327014923,0.3269254267215729,0.0458984375,9820,0.003889565
1148,228,812,37.18656893,505.0,933888,0.2,2.1301079995930197,-0.0028376723392284477,0.9874531768262387,0.0001,0.9225290417671204,0.28276577591896057,0.7284630537033081,0.0755615234375,9830,0.006987269
1152,229,813,37.485798689999996,516.07,937984,0.2,2.709343884140253,-0.0026811935866135174,0.9895714469254017,0.0001,0.8916221261024475,0.28280019760131836,0.46172255277633667,0.049609375,9840,0.004725314
1156,230,814,39.432605890000005,500.02,942080,0.2,1.543852873891592,-0.0033377428248059005,0.9870722606778145,0.0001,0.9502183198928833,0.283532053232193,0.4751834571361542,0.054443359375,9850,0.0044746725
1159,231,815,39.8473458,505.39,946176,0.2,1.642020533233881,0.0005434895545477047,0.9846822634339333,0.0001,0.9118785262107849,0.2838360667228699,0.526964008808136,0.0950927734375,9860,0.013551267
1163,232,816,41.270545219999995,505.74,950272,0.2,3.385054498910904,-0.0038829645985970274,0.9874650813639164,0.0001,0.7734858393669128,0.28298038244247437,1.0075076818466187,0.05625,9870,0.0044655576
1166,233,817,41.06021352,509.78,954368,0.2,2.3305876702070236,-0.003581018021213822,0.9912622965872288,0.0001,0.9691816568374634,0.2824646234512329,0.733893096446991,0.053662109375,9880,0.0063821306
1170,234,818,39.251096960000005,508.84,958464,0.2,1.9219918541610241,-0.000989271559228655,0.9938523821532727,0.0001,0.9803066849708557,0.2821233570575714,0.4400709569454193,0.0560791015625,9890,0.004782334
1174,235,819,39.56736577,500.2,962560,0.2,1.539232249557972,-0.002309259845060296,0.9938360288739204,0.0001,0.9817781448364258,0.2830721437931061,0.5590699911117554,0.062890625,9900,0.00856361
1177,236,820,39.81093011,491.6,966656,0.2,0.8040292870253325,-0.0006954272437724284,0.9933793008327484,0.0001,0.9577142000198364,0.2828878164291382,0.28866273164749146,0.095703125,9910,0.0069880914
1181,237,821,41.56489161000001,490.35,970752,0.2,1.759715447574854,-0.0030048090673517438,0.9969095662236214,0.0001,0.9288142323493958,0.28229665756225586,0.5423902869224548,0.053173828125,9920,0.005543808
1184,238,822,40.84293213,493.81,974848,0.2,1.995773470401764,-0.0013800108077703043,0.998423571139574,0.0001,0.8880503177642822,0.2823733389377594,0.600574254989624,0.0606201171875,9930,0.0057124123
1188,239,823,41.08155165,483.13,978944,0.2,2.1605526551604273,-0.00017555688827997074,0.9983259961009026,0.0001,0.9336844086647034,0.2830921411514282,1.1146702766418457,0.0567626953125,9940,0.002389893
1192,240,824,39.90133989,481.87,983040,0.2,2.0097925111651422,-0.0013072646834189072,0.9977819502353669,0.0001,0.9334492683410645,0.28318139910697937,0.6905434131622314,0.054248046875,9950,0.0031602522
1195,241,825,38.49783826,474.63,987136,0.2,3.47796521037817,-0.0038367972694686612,0.99736258238554,0.0001,0.9120196104049683,0.28374797105789185,1.3273154497146606,0.071240234375,9960,0.008274298
1199,242,826,38.658950770000004,479.05,991232,0.2,1.744236884266138,-0.0020587537612300364,0.9979406528174877,0.0001,0.9707979559898376,0.2836068570613861,0.4648890793323517,0.05390625,9970,0.00793892
1203,243,827,38.14002447,463.34,995328,0.2,1.485253906995058,-0.002442037532455288,1.0000252097845077,0.0001,0.9155295491218567,0.28421297669410706,0.6676972508430481,0.0578125,9980,0.01003217
1206,244,828,38.42877732,468.67,999424,0.2,1.4378332510590552,-0.003014379119849764,1.0015059910714625,0.0001,0.9290297627449036,0.2839513421058655,0.6710408329963684,0.03701171875,9990,0.0030147433
1145,245,876,41.182628629999996,458.72,1003520,0.2,1.4099312007427216,-0.004130032529792516,1.0035687625408172,0.0001,0.9611333012580872,0.2839476764202118,0.5491282343864441,0.09140625,10000,0.0075292327
1148,246,877,41.821415529999996,454.41,1007616,0.2,1.7204494416713714,-0.005487753778288607,1.0001887999475003,0.0001,0.915093719959259,0.28526800870895386,0.5770887732505798,0.0453369140625,10010,0.0053952304
1151,247,878,40.95072918,457.33,1011712,0.2,2.0722181566059588,-0.0017821588990045711,0.9950704015791416,0.0001,0.9255055785179138,0.28507983684539795,0.601942777633667,0.058642578125,10020,0.009347054
1155,248,879,40.33843177,453.32,1015808,0.2,1.9776155948638916,-0.0007427077565807849,0.9966651372611522,0.0001,0.953617513179779,0.28490036725997925,0.7630264759063721,0.0966064453125,10030,0.0072604297
1158,249,880,39.078465660000006,458.91,1019904,0.2,1.2371585622429848,-0.0028447965552913955,0.9982300378382206,0.0001,0.9875728487968445,0.2847529351711273,0.3863077759742737,0.0407958984375,10040,0.003908933
1162,250,881,38.58545985,451.53,1024000,0.2,2.691008506715298,-0.0008374311495572328,1.0005838669836522,0.0001,0.9726731777191162,0.28405338525772095,0.7777413725852966,0.05654296875,10050,0.004695523
1165,251,882,37.27336421,473.02,1028096,0.2,2.091092175245285,-0.003273966663982719,1.0016611352562905,0.0001,0.9778696298599243,0.28444135189056396,0.7489913702011108,0.060400390625,10060,0.0051340857
1168,252,883,37.68871518,479.08,1032192,0.2,1.7990001164376737,-0.0033243232726817952,0.9995231330394745,0.0001,0.9391361474990845,0.28465536236763,0.572434663772583,0.0465576171875,10070,0.0054316204
1172,253,884,39.702303519999994,478.71,1036288,0.2,3.160199971497059,-0.0020604211051249875,1.0008481077849865,0.0001,0.9164278507232666,0.2834436893463135,0.9645659923553467,0.036474609375,10080,0.003408508
1175,254,885,39.43079862000001,487.54,1040384,0.2,0.8592042542994023,-0.0014082945606787689,1.006902502477169,0.0001,0.9726524353027344,0.2825314998626709,0.33035653829574585,0.064111328125,10090,0.005560654
1178,255,886,37.68122194,483.77,1044480,0.2,1.5234089650213718,-0.004939797907718457,1.0119548976421355,0.0001,0.9712041616439819,0.28192082047462463,0.7000038027763367,0.0474365234375,10100,0.005174785
1182,256,887,37.876057530000004,491.96,1048576,0.2,2.8419674187898636,-0.004364258208079263,1.0157509595155716,0.0001,0.9563912153244019,0.2817709445953369,0.9584582448005676,0.080419921875,10110,0.012201808
1185,257,888,37.95698163,492.33,1052672,0.2,1.9479631289839745,-0.004622928552998928,1.0157193839550018,0.0001,0.9380265474319458,0.2804862856864929,0.5822893381118774,0.03154296875,10120,0.003671476
1188,258,889,35.64093745,508.62,1056768,0.2,1.9482605919241904,-0.0030645786639070137,1.0157013803720474,0.0001,0.9676104187965393,0.2806965708732605,0.9020408391952515,0.07802734375,10130,0.005208705
1192,259,889,36.07453008,508.92,1060864,0.2,1.4378031112253666,-0.0037897154776146635,1.0169343307614327,0.0001,0.9770199656486511,0.280329167842865,0.5499076843261719,0.0677978515625,10140,0.0065792594
1195,260,890,36.516727610000004,511.15,1064960,0.2,0.8297474987804889,-0.0019393900933209808,1.0209411412477494,0.0001,0.9588889479637146,0.28020837903022766,0.28966087102890015,0.044482421875,10150,0.0019315447
1199,261,891,38.81087247000001,508.85,1069056,0.2,0.9586702220141887,-0.0020384483970701693,1.0228024214506148,0.0001,0.9561953544616699,0.2804487347602844,0.3393179178237915,0.0720703125,10160,0.0097930785
1202,262,892,39.05051157,511.02,1073152,0.2,1.4868574306368827,-0.002568310301285237,1.0231855452060699,0.0001,0.9485601782798767,0.2800405025482178,0.4674277603626251,0.0400146484375,10170,0.0054224296
1205,263,893,39.989634110000004,488.33,1077248,0.2,3.0361028790473936,-6.592282152269035e-05,1.0264889806509019,0.0001,0.9091589450836182,0.27959543466567993,1.0593576431274414,0.075146484375,10180,0.0070422916
1209,264,894,40.48913565,485.22,1081344,0.2,2.238414441049099,-0.0019848503783578054,1.026704241335392,0.0001,0.920163631439209,0.27939265966415405,0.6849169731140137,0.0520263671875,10190,0.0073312307
1212,265,894,40.505305379999996,484.8,1085440,0.2,0.7451041832566261,0.0008514576475135982,1.0283801555633545,0.0001,0.9578222036361694,0.27939072251319885,0.27349597215652466,0.13369140625,10200,0.011908961
1216,266,895,39.89620705,489.08,1089536,0.2,2.960585232079029,-0.000823820981895551,1.0299780696630478,0.0001,0.9070167541503906,0.27966535091400146,0.639091432094574,0.0765869140625,10210,0.0061142314
1219,267,896,36.84774734,493.63,1093632,0.2,2.313790053129196,-0.001775949371221941,1.0310693055391311,0.0001,0.9560606479644775,0.2800394892692566,0.6321005821228027,0.066552734375,10220,0.0056602946
1222,268,897,37.30076881,491.67,1097728,0.2,2.4170929089188578,-0.0022118417531601154,1.0329934239387513,0.0001,0.9733631610870361,0.27949681878089905,0.7750294804573059,0.048681640625,10230,0.0050291424
1165,269,945,35.758435289999994,493.53,1101824,0.2,1.5300034329295158,-0.004269518633373081,1.0342405870556832,0.0001,0.9808112382888794,0.2778417766094208,0.4382631480693817,0.062646484375,10240,0.0060400385
1168,270,946,36.23823077,493.27,1105920,0.2,2.6753645867109297,-0.0028450456709833817,1.038857313990593,0.0001,0.954310953617096,0.27696654200553894,0.9314309358596802,0.075341796875,10250,0.005539636
1171,271,947,36.41550924999999,502.07,1110016,0.2,1.1353013403713703,-0.005444466203334742,1.0408654287457466,0.0001,0.9795557856559753,0.27731239795684814,0.38027215003967285,0.0587158203125,10260,0.007036838
1174,272,948,36.216006179999994,508.18,1114112,0.2,1.7382966488599778,-0.0013551992262364366,1.0406055599451065,0.0001,0.9460175633430481,0.27711448073387146,0.7500506639480591,0.0694091796875,10270,0.0060073677
1177,273,949,35.69283715,509.63,1118208,0.2,0.852928027138114,-0.0019075185642577707,1.0440113425254822,0.0001,0.9607436656951904,0.2772866487503052,0.30636608600616455,0.072119140625,10280,0.009433678
1181,274,950,35.87364818,511.18,1122304,0.2,2.9693040937185287,-0.003305665260995738,1.0468932583928108,0.0001,0.9197927713394165,0.27660924196243286,0.6997906565666199,0.043212890625,10290,0.0077377306
1184,275,951,35.23365655999999,511.87,1126400,0.2,1.3019346863031387,-0.001943682847195305,1.0495072454214096,0.0001,0.9755662083625793,0.27702510356903076,0.42561444640159607,0.0364501953125,10300,0.0064101224
1187,276,952,35.10118851,512.18,1130496,0.2,1.6598662570118905,-0.004887430946109816,1.048626285791397,0.0001,0.95988929271698,0.27658748626708984,0.596253514289856,0.0505126953125,10310,0.0054009324
1190,277,953,35.11186487,515.8,1134592,0.2,1.7303679600358008,-0.0015602194092934952,1.0466841608285904,0.0001,0.9301449656486511,0.276216596364975,0.5213761329650879,0.0740966796875,10320,0.005467655
1193,278,953,33.88212601,525.19,1138688,0.2,1.1924471884965897,-0.0010787280814838595,1.0467111364006996,0.0001,0.9664406180381775,0.27606362104415894,0.4193725287914276,0.0802978515625,10330,0.024082292
1196,279,954,33.11539748,521.62,1142784,0.2,1.6851703003048897,-0.0029318838322069498,1.0467352345585823,0.0001,0.9711203575134277,0.2764384150505066,0.5588539838790894,0.077294921875,10340,0.0059430064
1200,280,955,36.88081118,523.32,1146880,0.2,2.1118870437145234,-0.0031054298859089615,1.0488863661885262,0.0001,0.9795174598693848,0.2762540578842163,0.9048358798027039,0.05908203125,10350,0.0052125296
1203,281,956,38.291377610000005,516.08,1150976,0.2,1.9126029282808303,-0.004458294421783649,1.0522202178835869,0.0001,0.9766865968704224,0.2760327458381653,0.6552450060844421,0.07197265625,10360,0.009095939
1206,282,957,34.58952509,523.38,1155072,0.2,1.9170032545924187,-0.0029797473573125897,1.0520786583423614,0.0001,0.9845610857009888,0.2758295238018036,0.8686351776123047,0.0364501953125,10370,0.0030375978
1209,283,958,35.32012150999999,522.56,1159168,0.2,2.432075482606888,-0.0029843947500921785,1.0505924701690674,0.0001,0.9731283187866211,0.27630066871643066,0.8352498412132263,0.0408935546875,10380,0.004570217
1212,284,959,33.13932587,509.83,1163264,0.2,1.1162359975278378,-0.0031654477992560715,1.0457562193274499,0.0001,0.9809223413467407,0.2775803804397583,0.3494308590888977,0.058642578125,10390,0.006661992
1215,285,960,32.40351304,511.67,1167360,0.2,3.062868818640709,-0.001792701581143774,1.0407047733664512,0.0001,0.9364035725593567,0.27792298793792725,0.9293163418769836,0.0861328125,10400,0.012078836
1219,286,960,32.82085384,507.62,1171456,0.2,1.024062167108059,-0.0040682020975509655,1.039244867861271,0.0001,0.9612252712249756,0.2788112461566925,0.295685738325119,0.0638427734375,10410,0.0057490827
1222,287,961,35.13110001000001,503.64,1175552,0.2,1.2309838131070137,-0.0029846232559066267,1.0386710315942764,0.0001,0.948238730430603,0.2792193293571472,0.29159900546073914,0.0693359375,10420,0.012835214
1225,288,962,34.15373251999999,521.8,1179648,0.2,4.498354828357696,-0.00290144225145923,1.0386713191866874,0.0001,0.8837186098098755,0.27882927656173706,1.2806249856948853,0.088037109375,10430,0.0040053045
1228,289,963,34.482308200000006,534.47,1183744,0.2,2.437639130651951,-0.0018981317640282213,1.0418569684028625,0.0001,0.9215339422225952,0.27837786078453064,0.7003852725028992,0.03427734375,10440,0.0046273936
1231,290,964,34.23435748,535.3,1187840,0.2,1.737335880100727,-0.0013373475725529716,1.0455764293670655,0.0001,0.9657102227210999,0.27777382731437683,0.6203479766845703,0.0614990234375,10450,0.00657919
1234,291,965,31.16256546,538.81,1191936,0.2,1.9825585335493088,-0.0032292715564835816,1.047441028058529,0.0001,0.9830043315887451,0.2777037024497986,0.570770800113678,0.068359375,10460,0.0055877324
1237,292,966,31.455875069999998,536.09,1196032,0.2,1.6065549813210964,-0.0038902394764591007,1.0449679866433144,0.0001,0.9679521918296814,0.2769617438316345,0.5421474575996399,0.0764892578125,10470,0.008004051
1176,293,1020,30.24346384,557.95,1200128,0.2,2.7455379948019982,-0.0009777015395229683,1.045884057879448,0.0001,0.9521785974502563,0.27695274353027344,0.8997756838798523,0.075341796875,10480,0.005452877
1179,294,1021,29.38394167,560.15,1204224,0.2,1.849410753697157,-0.0027819849026855083,1.0475378036499023,0.0001,0.9641414880752563,0.2763751447200775,0.5497093796730042,0.0575439453125,10490,0.0039698603
1182,295,1021,31.715738860000005,559.47,1208320,0.2,2.584236371517181,-0.0026305040140869097,1.0502503857016563,0.0001,0.9643754959106445,0.2767066955566406,1.0760531425476074,0.0551025390625,10500,0.004773857
1185,296,1022,31.947547049999994,561.01,1212416,0.2,5.212190894782543,-0.0025535110500641165,1.050127986073494,0.0001,0.8505443334579468,0.2768644094467163,3.16508412361145,0.06728515625,10510,0.0061069895
1188,297,1023,30.70366129,560.76,1216512,0.2,3.8456602692604065,-0.002547058544587344,1.0514050900936127,0.0001,0.9389442205429077,0.2767201066017151,1.2489920854568481,0.0677978515625,10520,0.0059899082
1191,298,1024,31.72255769,568.73,1220608,0.2,2.788839916884899,-0.002447628560184967,1.0533750474452972,0.0001,0.9642383456230164,0.2769872546195984,1.1540120840072632,0.0513671875,10530,0.0052368077
1194,299,1025,31.54758176,572.3,1224704,0.2,2.085467705130577,-0.0036329147216747513,1.053639830648899,0.0001,0.9537655711174011,0.2773630619049072,1.0183571577072144,0.064111328125,10540,0.004770452
1197,300,1026,29.828890969999996,581.9,1228800,0.2,1.8492291659116744,-0.002068774757208303,1.0525507897138595,0.0001,0.9714089632034302,0.27733296155929565,0.6221115589141846,0.0649658203125,10550,0.0033569345
1200,301,1026,27.881554909999995,591.5,1232896,0.2,1.293439405411482,-0.0013857919693691656,1.0490570604801177,0.0001,0.9830261468887329,0.2785722613334656,0.4449580907821655,0.0818359375,10560,0.010937575
1203,302,1027,27.18632427,598.88,1236992,0.2,2.8634654089808462,-0.003908729995600879,1.0462381407618522,0.0001,0.9344145655632019,0.2781136929988861,0.899766206741333,0.0761962890625,10570,0.010073131
1206,303,1028,26.129991989999997,598.49,1241088,0.2,1.3555117204785347,-0.0014560670431819744,1.0483419686555862,0.0001,0.987684965133667,0.2784426212310791,0.6588239073753357,0.0443115234375,10580,0.0038643894
1209,304,1029,24.19979673,592.23,1245184,0.2,3.576305627822876,-0.0013987822414492257,1.049485756456852,0.0001,0.9629884958267212,0.27872493863105774,1.2908512353897095,0.0414306640625,10590,0.006084054
1212,305,1030,25.95125564,591.65,1249280,0.2,2.873343400657177,-0.004943856570753269,1.0493582770228387,0.0001,0.9729191660881042,0.27898409962654114,1.0131779909133911,0.065380859375,10600,0.0052879155
1215,306,1031,24.848111819999996,595.71,1253376,0.2,1.975794117152691,-0.0027831605591927657,1.0493482321500778,0.0001,0.9806443452835083,0.2788732051849365,0.8745973706245422,0.0686767578125,10610,0.005185297
1218,307,1032,26.61448552,558.03,1257472,0.2,2.0093055978417396,-0.0010679689396056347,1.049621008336544,0.0001,0.9770262837409973,0.27947741746902466,0.6737666130065918,0.0836669921875,10620,0.0077474937
1221,308,1032,27.475042709999993,566.32,1261568,0.2,5.542818379402161,-0.0027359712461475284,1.0483487084507943,0.0001,0.9564117193222046,0.27983301877975464,3.307854413986206,0.0630615234375,10630,0.0048145223
1224,309,1033,25.457497029999995,581.3,1265664,0.2,2.348528879880905,-0.0016907633398659527,1.0478951632976532,0.0001,0.978322446346283,0.27940496802330017,0.6018180847167969,0.0506591796875,10640,0.004293325
1227,310,1034,24.75548593,574.28,1269760,0.2,2.9852159574627875,-0.0031449756235815583,1.049209290742874,0.0001,0.9643539786338806,0.27874091267585754,0.9102888703346252,0.072900390625,10650,0.01815217
1230,311,1035,26.76270626,560.9,1273856,0.2,2.822198639810085,-0.0009875950287096202,1.0481483325362206,0.0001,0.9321330785751343,0.2789439260959625,0.6797463893890381,0.045361328125,10660,0.0051403325
1233,312,1036,26.693446100000003,558.85,1277952,0.2,4.0521365106105804,-0.003006329364143312,1.048884555697441,0.0001,0.9341655373573303,0.27876490354537964,1.7684935331344604,0.0611572265625,10670,0.0041557867
1236,313,1037,24.511049150000005,560.93,1282048,0.2,3.1967315495014192,-0.0010854406951693817,1.04911962300539,0.0001,0.9767521023750305,0.2795000672340393,1.2236558198928833,0.0483642578125,10680,0.0052624093
1238,314,1038,26.05550468,547.55,1286144,0.2,1.699443405866623,-0.0011450990859884769,1.0483899042010307,0.0001,0.9854112863540649,0.2794763147830963,0.48004966974258423,0.0601806640625,10690,0.00830834
1241,315,1039,26.181695270000006,541.9,1290240,0.2,2.775055092573166,-0.0015884195832768454,1.0508142456412315,0.0001,0.9686006903648376,0.27913355827331543,0.8784669637680054,0.0594970703125,10700,0.0077322386
1244,316,1040,24.0305728,554.88,1294336,0.2,1.5267966896295548,-0.003426765644690022,1.0543769359588624,0.0001,0.9901393055915833,0.2782306373119354,0.5736063718795776,0.061279296875,10710,0.005743067
1247,317,1041,23.683835690000002,555.25,1298432,0.2,1.9342670872807504,-0.002076160720025655,1.0557329386472702,0.0001,0.9868621230125427,0.27874377369880676,0.7334271669387817,0.0568603515625,10720,0.007946248
1192,318,1092,25.19841582,546.44,1302528,0.2,5.267647817730904,-0.0028105360543122515,1.0568169876933098,0.0001,0.9293314218521118,0.27855029702186584,3.2242214679718018,0.0958251953125,10730,0.009277709
1195,319,1093,25.23736159,545.43,1306624,0.2,3.333124615252018,-0.0029475928749889135,1.0629196614027023,0.0001,0.9322052597999573,0.2784441411495209,1.5726832151412964,0.0622314453125,10740,0.0049161655
1197,320,1094,25.807381359999994,537.88,1310720,0.2,2.7136574000120164,-0.0015331272967159747,1.067123457789421,0.0001,0.9682841897010803,0.2786552608013153,0.7800540328025818,0.04833984375,10750,0.010328721
1200,321,1095,27.00619424,551.33,1314816,0.2,2.214629950374365,-0.0014464796549873427,1.067400898039341,0.0001,0.9788898825645447,0.2785649597644806,0.8550227284431458,0.0599365234375,10760,0.0045135096
1203,322,1096,23.939017290000002,564.46,1318912,0.2,3.194323052465916,-0.0012305128126172348,1.0672874674201012,0.0001,0.9767964482307434,0.2783866822719574,0.8373783826828003,0.05947265625,10770,0.005833043
1205,323,1097,22.52669965,571.69,1323008,0.2,2.2863710790872576,-0.002035478616016917,1.0685065865516663,0.0001,0.9811028838157654,0.27814292907714844,0.8096635341644287,0.08671875,10780,0.012005081
1208,324,1098,21.884087719999997,570.31,1327104,0.2,6.1724045217037204,-0.0023624303605174644,1.069439622759819,0.0001,0.9227611422538757,0.27817848324775696,1.5612084865570068,0.057373046875,10790,0.006603829
1211,325,1099,22.58354762,574.42,1331200,0.2,0.8160274632275104,-0.003281097044236958,1.0689359873533248,0.0001,0.9706577658653259,0.27955618500709534,0.3157859444618225,0.054541015625,10800,0.006221642
1213,326,1100,21.139548089999998,578.19,1335296,0.2,2.2823767334222795,-0.0028938782037585043,1.070694474875927,0.0001,0.9538675546646118,0.2785886228084564,0.8281665444374084,0.0926025390625,10810,0.00999856
1216,327,1100,23.559704449999998,570.2,1339392,0.2,3.4903334632515906,-0.0031432989955646915,1.073253482580185,0.0001,0.9467960596084595,0.279180645942688,1.1582961082458496,0.0822021484375,10820,0.0064365976
1219,328,1101,24.651009120000005,561.41,1343488,0.2,3.3585707753896714,-0.0028786385766579768,1.0686629250645638,0.0001,0.9686302542686462,0.28022998571395874,0.9585828185081482,0.0680908203125,10830,0.007761254
1222,329,1102,20.912383079999998,577.02,1347584,0.2,3.4513737872242927,-0.003415507063618861,1.0636650919914246,0.0001,0.953635036945343,0.28065821528434753,1.7051793336868286,0.0556640625,10840,0.0071550794
1224,330,1103,26.849901220000003,552.3,1351680,0.2,1.822344883531332,-0.001514931987185264,1.0644750729203225,0.0001,0.9782078862190247,0.2808426320552826,0.5807326436042786,0.08095703125,10850,0.0035290536
1227,331,1104,24.969172269999998,567.05,1355776,0.2,2.137743908166885,-0.002538886107504368,1.0654420778155327,0.0001,0.9691186547279358,0.2807254195213318,0.8629530668258667,0.0427001953125,10860,0.00453397
1230,332,1105,25.50695771,561.5,1359872,0.2,1.5405369214713573,-0.0052803971862886104,1.0645603626966476,0.0001,0.9819695949554443,0.2805439531803131,0.9465632438659668,0.066845703125,10870,0.004274039
1232,333,1106,26.036785550000005,567.53,1363968,0.2,2.3972109466791154,-0.003732216727803461,1.062046004831791,0.0001,0.9750134348869324,0.2805911600589752,0.9136227369308472,0.0720947265625,10880,0.0036200308
1235,334,1107,27.83499627,567.06,1368064,0.2,2.0393657267093657,-0.0023718664117041042,1.0626063600182534,0.0001,0.9847829341888428,0.2805640995502472,0.5582484602928162,0.07490234375,10890,0.0034702085
1237,335,1108,28.292827700000004,561.01,1372160,0.2,2.021018287539482,-0.004781482784892432,1.0621121004223824,0.0001,0.9849443435668945,0.2808862626552582,0.6105044484138489,0.0958251953125,10900,0.0053816177
1240,336,1109,30.1671713,540.9,1376256,0.2,1.4202312380075455,-0.004355513799237087,1.0630388706922531,0.0001,0.9901243448257446,0.2796580493450165,0.6238899827003479,0.060009765625,10910,0.005888896
1243,337,1110,32.02311088,533.95,1380352,0.2,1.921584776043892,-0.002430010767420754,1.0651103168725968,0.0001,0.9334090948104858,0.2804335057735443,0.7034176588058472,0.05068359375,10920,0.0050937897
1246,338,1110,31.45509852,539.2,1384448,0.2,0.836739269644022,-0.0008177371317287907,1.062162633240223,0.0001,0.9685671925544739,0.28131455183029175,0.3402594029903412,0.0727294921875,10930,0.005147162
1248,339,1111,31.472845969999998,546.19,1388544,0.2,2.2696547135710716,-0.002936458546901122,1.062825359404087,0.0001,0.9346528053283691,0.2814694941043854,0.782802939414978,0.09765625,10940,0.007945871
1251,340,1112,32.57904259,539.83,1392640,0.2,1.258208192884922,-0.003811315371422097,1.0623862326145173,0.0001,0.9744272232055664,0.28205299377441406,0.47291550040245056,0.06171875,10950,0.0062237545
1254,341,1113,34.152458059999994,534.14,1396736,0.2,1.7346479088068008,-0.001844098386936821,1.0606821045279502,0.0001,0.9532175064086914,0.2826971709728241,0.49829429388046265,0.064306640625,10960,0.0058799176
1207,342,1160,37.016676350000004,517.48,1400832,0.2,1.9060508966445924,-0.0011541917978320272,1.0611448630690574,0.0001,0.9570714235305786,0.2827058732509613,0.8600362539291382,0.071484375,10970,0.004627277
1210,343,1161,34.30624271999999,531.71,1404928,0.2,1.399084421247244,-0.005113201675703749,1.0618603065609933,0.0001,0.9794773459434509,0.2834412157535553,0.6179594397544861,0.06826171875,10980,0.0069440026
1212,344,1161,36.57200154,527.39,1409024,0.2,1.8775394886732102,-0.0027096108067780735,1.0573330342769622,0.0001,0.9582687020301819,0.2836022675037384,0.5916434526443481,0.04326171875,10990,0.0067025754
1215,345,1162,34.41277581,533.04,1413120,0.2,3.2609548076987265,-0.003450118366163224,1.0558212652802468,0.0001,0.9422595500946045,0.2833862900733948,0.8436177372932434,0.08994140625,11000,0.005551851
1217,346,1164,34.18503674,528.69,1417216,0.2,2.7298350259661674,-0.004191409819759429,1.0525114580988884,0.0001,0.9668673276901245,0.28468990325927734,0.9196743369102478,0.0645263671875,11010,0.0064666094
1219,347,1165,32.99525584,540.52,1421312,0.2,1.738869585096836,-0.002932874221005477,1.046366536617279,0.0001,0.9807965755462646,0.2851944863796234,0.3759649097919464,0.0823486328125,11020,0.006355447
1222,348,1166,32.595940410000004,533.89,1425408,0.2,2.028060917556286,-0.0027012051898054777,1.0468816846609115,0.0001,0.9827355742454529,0.28441575169563293,0.7795227766036987,0.0549072265625,11030,0.0067790328
1224,349,1166,32.80167153,540.29,1429504,0.2,2.3482747569680216,-0.0024453245678159874,1.05097296833992,0.0001,0.9746033549308777,0.2840794026851654,0.8622745871543884,0.0570068359375,11040,0.0031767031
1227,350,1167,32.54798214,540.23,1433600,0.2,2.1445191502571106,-0.003204714151797816,1.0525814399123192,0.0001,0.945866584777832,0.2843213975429535,0.8659750819206238,0.060693359375,11050,0.005346769
1230,351,1168,33.167054500000006,534.63,1437696,0.2,2.679909110069275,-0.0018156131016439758,1.051453609764576,0.0001,0.8831256628036499,0.2845565378665924,0.8925405144691467,0.0552734375,11060,0.006581145
1232,352,1169,34.305172819999996,537.19,1441792,0.2,2.2391124337911608,-0.0035083763039438056,1.053379936516285,0.0001,0.8864054679870605,0.28471627831459045,0.6521904468536377,0.0563232421875,11070,0.00533677
1235,353,1170,34.79586329,528.92,1445888,0.2,1.5066352605819702,-0.0054920791939366605,1.054478932917118,0.0001,0.9343363046646118,0.28496310114860535,0.5750263929367065,0.0460693359375,11080,0.005513153
1238,354,1171,32.95182559999999,527.23,1449984,0.2,1.5115866586565971,-0.0013779384491499514,1.0558321341872214,0.0001,0.9816980361938477,0.28538981080055237,0.600532591342926,0.059375,11090,0.007273469
1240,355,1171,33.90110922,514.93,1454080,0.2,2.0508499562740328,-0.0006745738501194865,1.0550696477293968,0.0001,0.9763902425765991,0.28519657254219055,0.7094824314117432,0.0768310546875,11100,0.008342314
1243,356,1172,33.34934645,508.92,1458176,0.2,2.088493238389492,-0.0029098093102220444,1.0555050000548363,0.0001,0.9553133845329285,0.28460949659347534,0.7768428325653076,0.074267578125,11110,0.0045930957
1246,357,1173,36.037616560000004,499.17,1462272,0.2,1.7890749737620353,-0.0032611655129585414,1.0549533560872077,0.0001,0.9640526175498962,0.28484073281288147,0.6752906441688538,0.0598876953125,11120,0.01011629
1248,358,1174,34.95537763,498.24,1466368,0.2,1.596055106818676,-0.0017482152121374383,1.0527473479509353,0.0001,0.9461931586265564,0.285016804933548,0.41309699416160583,0.0798828125,11130,0.0053223697
1251,359,1175,40.07656646,465.6,1470464,0.2,1.2712355531752109,-0.0017644616847974249,1.0570258393883705,0.0001,0.9533891677856445,0.28356239199638367,0.24784380197525024,0.0654296875,11140,0.004942732
1253,360,1176,41.37136649,464.54,1474560,0.2,0.9211425423622132,-0.002642286053742282,1.0660051673650741,0.0001,0.9725059270858765,0.28263360261917114,0.38514333963394165,0.08173828125,11150,0.012685326
1256,361,1176,42.244612890000006,464.2,1478656,0.2,0.9181370131671429,-0.0014528815168887376,1.0715295612812041,0.0001,0.9652352333068848,0.28217434883117676,0.5311049222946167,0.0575439453125,11160,0.003261536
1259,362,1177,43.44370565,480.43,1482752,0.2,0.457245422154665,0.00038642319559585304,1.0732363179326057,0.0001,0.9739157557487488,0.2818301022052765,0.23089155554771423,0.0751220703125,11170,0.0064898473
1261,363,1178,42.89797990000001,495.5,1486848,0.2,2.8430563852190973,-0.0034485203825170173,1.0720898404717445,0.0001,0.9226608872413635,0.2818564176559448,0.7520027160644531,0.047314453125,11180,0.0057062996
1264,364,1179,41.897234499999996,492.99,1490944,0.2,1.963373376429081,-0.0044042114313924685,1.0747867092490195,0.0001,0.9413388967514038,0.28156688809394836,0.6069302558898926,0.068701171875,11190,0.0074095586
1266,365,1180,42.54902946,500.45,1495040,0.2,1.188659741729498,-0.0020439587155124173,1.076024329662323,0.0001,0.9251278638839722,0.28216564655303955,0.384028822183609,0.0689208984375,11200,0.004641688
1268,366,1181,41.28731216,501.94,1499136,0.2,1.1169560872018338,-0.0014821017233771273,1.0773745685815812,0.0001,0.9717004299163818,0.2815244197845459,0.43493714928627014,0.097119140625,11210,0.005653098
1225,367,1226,42.37054117,517.74,1503232,0.2,1.627595640718937,-0.002056443743640557,1.0768703833222388,0.0001,0.9575932621955872,0.28164225816726685,0.4779600501060486,0.0788330078125,11220,0.0056292904
1227,368,1227,40.37984288,524.73,1507328,0.2,1.344312348216772,-0.003584309604775626,1.0740691795945168,0.0001,0.979048490524292,0.2821497917175293,0.3542068302631378,0.047509765625,11230,0.0048325825
1230,369,1228,41.793616300000004,537.06,1511424,0.2,1.6027710653841496,-0.0017066125437850133,1.0724410623311997,0.0001,0.9773054122924805,0.2820509970188141,0.6492599248886108,0.0514892578125,11240,0.0038393836
1232,370,1229,39.932226109999995,543.96,1515520,0.2,1.5371019504964352,-0.0017659962410107254,1.0736220493912696,0.0001,0.9719211459159851,0.2818944454193115,0.582837700843811,0.0608642578125,11250,0.006795035
1235,371,1230,39.432200019999996,546.99,1519616,0.2,2.4898441806435585,-0.002877122981590219,1.0740948259830474,0.0001,0.9499863386154175,0.28150638937950134,0.7672560811042786,0.0644287109375,11260,0.006330725
1237,372,1230,39.97936112,546.08,1523712,0.2,1.659022431820631,-0.0015330161520978435,1.0760466814041139,0.0001,0.9564026594161987,0.28107181191444397,0.5246780514717102,0.10625,11270,0.009699099
1240,373,1231,37.83310571999999,577.44,1527808,0.2,2.8200411930680276,-0.003524656483205035,1.077591633796692,0.0001,0.9482876658439636,0.28088679909706116,0.8129622340202332,0.1052978515625,11280,0.009284913
1242,374,1232,36.02365457,583.45,1531904,0.2,0.9518523722887039,-0.0042144065606407825,1.0788800477981568,0.0001,0.9811816811561584,0.2809647023677826,0.38001295924186707,0.06005859375,11290,0.005020693
1245,375,1233,36.481376929999996,580.63,1536000,0.2,1.2863528355956078,0.0002316946236533113,1.0757190763950348,0.0001,0.9644201993942261,0.2812938094139099,0.3134530782699585,0.1058349609375,11300,0.019673847
1247,376,1234,35.437322079999994,579.19,1540096,0.2,1.8737508609890938,-0.0020661793678300455,1.0754295751452445,0.0001,0.9073218107223511,0.2813776135444641,0.6177542805671692,0.096435546875,11310,0.009413027
1250,377,1235,35.37185859,567.76,1544192,0.2,1.5285047449171543,-0.0023638681246666237,1.079215434193611,0.0001,0.9345924258232117,0.2817288935184479,0.4587814509868622,0.1056884765625,11320,0.009176107
1252,378,1236,35.107150440000005,569.28,1548288,0.2,3.219579686224461,-0.0039415739243850115,1.0799284398555755,0.0001,0.9482123851776123,0.28204020857810974,1.4016960859298706,0.075732421875,11330,0.011035455
1254,379,1237,33.263520129999996,571.58,1552384,0.2,1.3013190723955632,-0.004094984037510585,1.07951417863369,0.0001,0.9808580875396729,0.28087118268013,0.5038226246833801,0.0517578125,11340,0.0060301023
1257,380,1237,34.29486252999999,560.09,1556480,0.2,2.3852865740656854,-0.0030572798277717084,1.0783364534378053,0.0001,0.9478198885917664,0.28109315037727356,1.0582141876220703,0.078173828125,11350,0.01188511
1259,381,1238,35.12566806,557.45,1560576,0.2,4.41950963139534,-0.0038237729313550517,1.0765850484371184,0.0001,0.8832370042800903,0.2811709940433502,1.6233863830566406,0.0634521484375,11360,0.005257028
1262,382,1239,36.94580864,543.36,1564672,0.2,0.8730216443538665,-0.004756265829200856,1.0800351694226265,0.0001,0.9552088379859924,0.2815086245536804,0.3324314057826996,0.0569091796875,11370,0.0054877163
1264,383,1240,38.10321278000001,549.37,1568768,0.2,1.1172301456332208,-0.0006576575884537306,1.081956121325493,0.0001,0.9643185138702393,0.28193292021751404,0.322037011384964,0.0794677734375,11380,0.015191674
1267,384,1241,37.29692849,560.13,1572864,0.2,0.9500119514763355,-0.0022888499544933437,1.0781855881214142,0.0001,0.9811958074569702,0.28226515650749207,0.35662221908569336,0.0859130859375,11390,0.0067993905
1269,385,1242,37.64355630000001,546.3,1576960,0.2,1.1071204751729966,-0.001309475461312104,1.0753863736987115,0.0001,0.9769615530967712,0.2838193476200104,0.43049106001853943,0.052001953125,11400,0.0052344
1271,386,1242,37.15566243,524.2,1581056,0.2,1.1320060625672341,-0.0044496871734736486,1.0743115067481994,0.0001,0.9888757467269897,0.28289446234703064,0.29618319869041443,0.0703857421875,11410,0.008530109
1274,387,1243,39.31877209000001,514.01,1585152,0.2,0.7240439269691705,-0.0026393117310362867,1.0758150279521943,0.0001,0.9930623173713684,0.2828080654144287,0.35448750853538513,0.0745361328125,11420,0.008810805
1276,388,1244,38.57563539,503.24,1589248,0.2,2.0811019361019136,-0.0048548073100391775,1.0742557615041732,0.0001,0.9561567902565002,0.28334808349609375,0.7035710215568542,0.0606689453125,11430,0.0064698737
1279,389,1245,38.64166865,497.6,1593344,0.2,2.5761009812355042,-0.0034373015019809826,1.0710739389061927,0.0001,0.9637657403945923,0.28372007608413696,0.9323058724403381,0.066943359375,11440,0.006017734
1281,390,1246,36.5698666,518.94,1597440,0.2,1.5940325029194355,-0.0013765237876214088,1.069799493253231,0.0001,0.9783555269241333,0.28372082114219666,0.5549052953720093,0.038623046875,11450,0.0063538356
1237,391,1293,37.670085480000004,524.54,1601536,0.2,2.8723948299884796,0.002017236460233107,1.0696361631155014,0.0001,0.9451466798782349,0.2835565209388733,1.0610185861587524,0.1391357421875,11460,0.010632096
1240,392,1294,38.90277699999999,510.52,1605632,0.2,2.0836183935403825,-0.0008871314727002755,1.072812531888485,0.0001,0.9495764970779419,0.2830505669116974,0.7241731286048889,0.06533203125,11470,0.0051841144
1242,393,1295,36.8842539,518.15,1609728,0.2,1.2140916869044305,-0.0029497386465664023,1.0772443905472755,0.0001,0.9866854548454285,0.28314530849456787,0.45442286133766174,0.04501953125,11480,0.0046011424
1244,394,1296,36.68056122,519.52,1613824,0.2,2.219309686124325,-0.002374929707730189,1.0786067485809325,0.0001,0.9745360612869263,0.283621609210968,0.63275545835495,0.06181640625,11490,0.005284923
1247,395,1297,33.524535050000004,529.23,1617920,0.2,2.659436458349228,-0.0029253434760903472,1.0775814324617385,0.0001,0.9681698679924011,0.28372037410736084,1.0577163696289062,0.063720703125,11500,0.004544962
1249,396,1298,34.18553164,516.68,1622016,0.2,2.0382438257336615,-0.0017140235358965583,1.0779232889413835,0.0001,0.9573403596878052,0.2837807834148407,0.9162077307701111,0.0741455078125,11510,0.009465832
1251,397,1299,36.04772534,517.55,1626112,0.2,1.7558532118797303,-0.0035580469426349736,1.0822107583284377,0.0001,0.9427157640457153,0.2829761803150177,0.6982226967811584,0.064990234375,11520,0.005524772
1254,398,1299,35.85521757000001,514.28,1630208,0.2,1.7248775847256184,-0.0019700107295648195,1.0860241636633874,0.0001,0.9345917105674744,0.28283852338790894,0.4954063594341278,0.0676025390625,11530,0.0071037402
1256,399,1300,37.05221273000001,528.43,1634304,0.2,1.1496783263981343,-0.004362080851569772,1.0834942787885666,0.0001,0.9731612205505371,0.2826351523399353,0.5050283670425415,0.0823974609375,11540,0.008076999
1258,400,1301,35.23946825,533.37,1638400,0.2,1.5025963090360164,-0.003431829699547961,1.0852929085493088,0.0001,0.9789504408836365,0.2821614742279053,0.606610894203186,0.0668701171875,11550,0.003962649
1260,401,1302,33.52869445,542.47,1642496,0.2,1.8039383366703987,-0.0014891632643411867,1.08884147554636,0.0001,0.9804813861846924,0.2823527753353119,0.6823129057884216,0.025439453125,11560,0.004872661
1263,402,1303,33.68777557,553.66,1646592,0.2,0.8485548242926597,-0.0018162054562708362,1.090001541376114,0.0001,0.988415539264679,0.28174492716789246,0.2751915454864502,0.052001953125,11570,0.0048307716
1265,403,1304,35.169603679999994,528.53,1650688,0.2,2.238191841542721,-0.001262013814994134,1.0930560052394866,0.0001,0.9316800832748413,0.28195926547050476,0.7627097368240356,0.04814453125,11580,0.007815028
1267,404,1305,35.41212266000001,534.75,1654784,0.2,1.1491983614861965,-0.0028699314701952972,1.0956179156899453,0.0001,0.9643160700798035,0.281818151473999,0.3758091628551483,0.079833984375,11590,0.009836008
1270,405,1306,34.12259484,537.76,1658880,0.2,1.786710448563099,-0.001500184365431778,1.0959931015968323,0.0001,0.9418121576309204,0.28195202350616455,0.7872583866119385,0.0581787109375,11600,0.004822988
1272,406,1306,34.90879129999999,539.07,1662976,0.2,2.377225197851658,-0.0013154453481547534,1.0956558778882026,0.0001,0.9207072257995605,0.28208184242248535,0.6259903907775879,0.0655517578125,11610,0.00721001
1274,407,1307,35.954221839999995,538.58,1667072,0.2,2.1706375777721405,-0.002974478843680117,1.097179575264454,0.0001,0.9283637404441833,0.28197526931762695,0.8047065734863281,0.0599365234375,11620,0.0063195154
1277,408,1308,39.33621634,534.9,1671168,0.2,2.5098522938787937,8.49142816150561e-05,1.097077214717865,0.0001,0.8762463331222534,0.2823077440261841,2.834759473800659,0.0638671875,11630,0.0035648753
1279,409,1309,38.194740700000004,535.3,1675264,0.2,2.1737137377262115,-0.003337938917684369,1.0971317991614342,0.0001,0.9469269514083862,0.2824380695819855,0.7854264974594116,0.0739501953125,11640,0.00893259
1281,410,1310,38.40732559,526.28,1679360,0.2,1.5654939785599709,-0.0023022378263704013,1.0972731366753579,0.0001,0.94325190782547,0.28183409571647644,0.5165615677833557,0.0831787109375,11650,0.00870079
1283,411,1311,37.72996256,528.77,1683456,0.2,2.032889170944691,-0.00296892585902242,1.0979281678795814,0.0001,0.93301922082901,0.2825632393360138,0.8160163760185242,0.0658935546875,11660,0.005613094
1286,412,1312,35.972244960000005,524.91,1687552,0.2,2.5561652347445487,-0.0022330281091853975,1.0957355454564095,0.0001,0.9545971155166626,0.2831094264984131,0.9092773795127869,0.0568603515625,11670,0.0062355525
1288,413,1313,38.27308358,516.57,1691648,0.2,1.1182022593915462,-0.0009124892065301537,1.095042309165001,0.0001,0.9757533073425293,0.2823845148086548,0.37771734595298767,0.0802001953125,11680,0.00790596
1290,414,1313,41.01862518,517.78,1695744,0.2,1.6469974122941493,-0.0016774795687524602,1.0961162209510804,0.0001,0.9424146413803101,0.28299471735954285,0.6130662560462952,0.0642578125,11690,0.010450864
1292,415,1314,40.71626514,520.74,1699840,0.2,2.8083569914102555,-0.0015702050150139257,1.095214620232582,0.0001,0.9490306377410889,0.2832789719104767,0.7427329421043396,0.0751953125,11700,0.007823298
1250,416,1362,37.70371668,536.59,1703936,0.2,1.7878752514719962,-0.003936454467475414,1.0957291588187217,0.0001,0.9722360968589783,0.2833009958267212,0.6926050186157227,0.0699462890625,11710,0.008039191
1252,417,1363,38.117213549999995,529.72,1708032,0.2,1.0691753573715688,-0.0017338111880235373,1.0959424912929534,0.0001,0.9800513386726379,0.283727765083313,0.4560764729976654,0.0586669921875,11720,0.0034650099
1254,418,1364,38.575585090000004,523.56,1712128,0.2,1.5800001978874207,-0.0020945462936651895,1.0965750351548196,0.0001,0.9295196533203125,0.28384914994239807,0.6321820020675659,0.052392578125,11730,0.007905196
1257,419,1365,39.67148099,509.18,1716224,0.2,1.2788255594670772,-0.0021782264462672173,1.101284983754158,0.0001,0.9529833793640137,0.28289708495140076,0.48765361309051514,0.0833984375,11740,0.005931995
1259,420,1366,38.59783618,504.32,1720320,0.2,2.428667698800564,-0.004329383208823856,1.1001720309257508,0.0001,0.925929069519043,0.2840762138366699,0.7489603161811829,0.0849365234375,11750,0.005817566
1261,421,1366,38.82365447,498.01,1724416,0.2,1.7769405610859395,-0.003123998537193984,1.0928780660033226,0.0001,0.9414036870002747,0.285062313079834,0.42680346965789795,0.0950439453125,11760,0.008724678
1263,422,1367,36.87001546,507.6,1728512,0.2,2.370038333535194,-0.0024572184396674857,1.090879572927952,0.0001,0.9544805884361267,0.2851116359233856,1.1877834796905518,0.0665283203125,11770,0.0051792106
1265,423,1368,36.53045431,514.62,1732608,0.2,1.4920134648680687,-0.002826714512775652,1.0919812828302384,0.0001,0.9613412618637085,0.2859058380126953,0.44831371307373047,0.0772705078125,11780,0.007699991
1268,424,1369,37.14909912,520.7,1736704,0.2,2.3184938833117483,-0.0007069696264807134,1.0910750046372413,0.0001,0.9490164518356323,0.28651946783065796,0.8254694938659668,0.0720703125,11790,0.0062632686
1270,425,1370,39.203187480000004,516.49,1740800,0.2,1.660960852354765,0.0002904056396801025,1.092306625843048,0.0001,0.8809611201286316,0.28631529211997986,0.4500323534011841,0.1020751953125,11800,0.0038053393
1272,426,1370,37.08194163,526.77,1744896,0.2,2.7378068655729293,-0.004915336996782571,1.0983403995633125,0.0001,0.9155065417289734,0.2862091064453125,0.993868350982666,0.0756103515625,11810,0.009201446
1274,427,1371,37.49711979,516.25,1748992,0.2,1.2297921143472195,-0.0017181249830173328,1.0999720752239228,0.0001,0.9601927995681763,0.2858579754829407,0.43505755066871643,0.07333984375,11820,0.007934686
1277,428,1372,40.98707946,496.79,1753088,0.2,1.1352629400789738,-0.003602914082875941,1.0995547235012055,0.0001,0.9046330451965332,0.2865351438522339,0.4340131878852844,0.093798828125,11830,0.009207281
1279,429,1373,40.77798248,495.63,1757184,0.2,1.9282419458031654,-0.0027204573998460546,1.09453085064888,0.0001,0.915917694568634,0.28807809948921204,0.8110074996948242,0.079638671875,11840,0.006107105
1281,430,1374,41.92738795,500.99,1761280,0.2,1.3162469163537025,-0.003519937352393754,1.0896684914827346,0.0001,0.9403402805328369,0.2884192168712616,0.5407184362411499,0.0514892578125,11850,0.004337961
1283,431,1375,41.02522049,511.67,1765376,0.2,1.7461802393198014,-0.0016520441466127522,1.0892500922083854,0.0001,0.9271153807640076,0.2889265716075897,0.54343581199646,0.070166015625,11860,0.005698473
1285,432,1376,41.168813039999996,512.89,1769472,0.2,2.0869753286242485,-0.005899668132769875,1.0878247186541556,0.0001,0.9690501689910889,0.2893260717391968,0.5968714952468872,0.0624755859375,11870,0.0072914204
1287,433,1377,38.849858340000004,512.95,1773568,0.2,3.353444927930832,-0.00410241552744992,1.0865179941058158,0.0001,0.9758374094963074,0.2886073887348175,1.5879991054534912,0.0638671875,11880,0.005991754
1289,434,1378,40.1877937,501.64,1777664,0.2,1.5426322795450687,-0.0038193496118765326,1.0925986930727958,0.0001,0.9823932647705078,0.2878849506378174,0.5435288548469543,0.0643310546875,11890,0.0057081426
1292,435,1378,40.33199858,497.39,1781760,0.2,2.8161909490823747,-0.00045041289704386147,1.0970793306827544,0.0001,0.9562020897865295,0.2884136140346527,1.2055467367172241,0.0697509765625,11900,0.003451661
1294,436,1379,38.48671679,496.41,1785856,0.2,1.1164896361529828,-0.0005813586350996048,1.0956256091594696,0.0001,0.9895815849304199,0.2883147597312927,0.3766081631183624,0.0723876953125,11910,0.008786084
1296,437,1380,36.879638920000005,507.64,1789952,0.2,1.5158685341477394,-0.0020782545005204158,1.0933028131723403,0.0001,0.9784563779830933,0.28929904103279114,0.5012516975402832,0.075244140625,11920,0.013872285
1298,438,1381,37.319803500000006,495.19,1794048,0.2,1.023707078397274,-0.0040975956275360655,1.091314223408699,0.0001,0.9718071222305298,0.28834226727485657,0.3844330608844757,0.052734375,11930,0.0071380557
1300,439,1382,37.82196595,490.94,1798144,0.2,1.7858321711421012,-0.0024714305996894836,1.0930073216557503,0.0001,0.9486067891120911,0.2890697717666626,0.6497975587844849,0.0620361328125,11940,0.010121245
1261,440,1429,38.14180477,495.47,1802240,0.2,0.82628960236907,-0.0013845807596226222,1.0917343661189078,0.0001,0.9645785093307495,0.28987598419189453,0.30479979515075684,0.0652587890625,11950,0.009258749
1263,441,1430,38.20866533,499.78,1806336,0.2,1.5330344907939435,-0.004146521719667362,1.0899733915925025,0.0001,0.9418309330940247,0.2902325391769409,0.4792289435863495,0.0500244140625,11960,0.0061891302
1265,442,1430,37.2096858,507.42,1810432,0.2,1.9630274057388306,-0.00251436379912775,1.0867373138666152,0.0001,0.9294544458389282,0.2910715639591217,0.7481910586357117,0.0538818359375,11970,0.0045332783
1267,443,1431,37.71234837,510.65,1814528,0.2,1.2741380840539933,-0.002604961581528187,1.0849443301558495,0.0001,0.9528294205665588,0.29049137234687805,0.35546910762786865,0.1034423828125,11980,0.006276607
1269,444,1432,37.73955614,518.26,1818624,0.2,2.6252167373895645,-0.0032213696831604466,1.0862781703472137,0.0001,0.9183086156845093,0.290770947933197,0.9312082529067993,0.057470703125,11990,0.005207844
1271,445,1433,38.063623910000004,523.02,1822720,0.2,1.1206747263669967,-0.0003313480119686574,1.0870215475559235,0.0001,0.9574242830276489,0.29017356038093567,0.4953610301017761,0.1332275390625,12000,0.012918344
1273,446,1434,40.46992864,513.26,1826816,0.2,1.883271123468876,-0.0030206939700292423,1.0878223747015,0.0001,0.9347691535949707,0.29172763228416443,0.5621898174285889,0.04375,12010,0.0090027405
1275,447,1434,40.7638188,517.99,1830912,0.2,2.4476882085204124,-0.0013101668577292004,1.0874627262353898,0.0001,0.9115086793899536,0.2916177213191986,0.9333866238594055,0.06328125,12020,0.0038784153
1278,448,1435,43.05606166999999,502.28,1835008,0.2,1.384551852196455,-0.0011231782817048952,1.0906660094857217,0.0001,0.9088637828826904,0.2915065288543701,0.6938841342926025,0.055712890625,12030,0.011103518
1280,449,1436,43.90423118999999,493.32,1839104,0.2,1.9202919170260428,-0.002526778751052916,1.0919308707118034,0.0001,0.9274430871009827,0.2922096848487854,0.40398943424224854,0.0708984375,12040,0.007927248
1282,450,1437,44.13922434,492.38,1843200,0.2,1.4487340971827507,-0.002981773758074269,1.0891818404197693,0.0001,0.9404029846191406,0.2927042245864868,0.67461758852005,0.085009765625,12050,0.0066858474
1284,451,1438,44.477738869999996,492.74,1847296,0.2,0.6108461208641529,-0.0026456878273165784,1.0911047175526618,0.0001,0.9716639518737793,0.2922954261302948,0.23631508648395538,0.062060546875,12060,0.005511613
1286,452,1439,44.68699424,494.65,1851392,0.2,2.019951079785824,-0.0032087793020764365,1.0928497597575189,0.0001,0.9704954624176025,0.29246124625205994,0.6251595616340637,0.0909423828125,12070,0.0050808555
1288,453,1440,42.04005722,509.68,1855488,0.2,1.2078474029898643,-0.0012965025613084435,1.0926697984337808,0.0001,0.9886114597320557,0.2934315502643585,0.4363935589790344,0.0641845703125,12080,0.012176732
1290,454,1440,42.590535929999994,501.97,1859584,0.2,1.6909177109599114,-0.003071684633323457,1.092166967689991,0.0001,0.9806094169616699,0.29325950145721436,0.5616425275802612,0.070703125,12090,0.007510448
1292,455,1441,42.542197720000004,482.74,1863680,0.2,1.2851019725203514,-0.0037430686701554806,1.094108520448208,0.0001,0.9506345987319946,0.2933858335018158,0.552314043045044,0.0661376953125,12100,0.004871437
1294,456,1442,42.211964179999995,477.39,1867776,0.2,1.1007249131798744,-0.004416024032980204,1.0944551512598992,0.0001,0.9330625534057617,0.29448866844177246,0.49386510252952576,0.072705078125,12110,0.0070297886
1296,457,1443,41.82408398,481.36,1871872,0.2,1.360402673482895,-0.004095915867947042,1.0929224118590355,0.0001,0.9637454152107239,0.2948199510574341,0.5292889475822449,0.0721923828125,12120,0.008984879
1298,458,1444,41.10328944,485.02,1875968,0.2,2.065076380968094,-0.003124401815875899,1.0919261261820794,0.0001,0.9542555809020996,0.29439064860343933,0.6575119495391846,0.1263671875,12130,0.009363366
1300,459,1445,41.78016649999999,483.07,1880064,0.2,1.5541128121316432,-0.001983864707290195,1.0925590470433235,0.0001,0.9669308662414551,0.2938712239265442,0.5392134785652161,0.080517578125,12140,0.005476361
1302,460,1446,40.74640653,505.46,1884160,0.2,1.8751752108335495,-0.003328412809059955,1.091653522849083,0.0001,0.9827335476875305,0.29394853115081787,0.8998135328292847,0.0640869140625,12150,0.0057674097
1305,461,1446,38.28815041,517.43,1888256,0.2,2.023421712219715,0.000659074806026183,1.0911990344524383,0.0001,0.9834399223327637,0.2943970263004303,0.5700258612632751,0.0963623046875,12160,0.006139554
1307,462,1447,38.941769910000005,513.17,1892352,0.2,1.6773875631392001,-0.002929493470583111,1.0898588344454765,0.0001,0.9717248678207397,0.295572966337204,0.48618051409721375,0.07138671875,12170,0.009212668
1309,463,1448,37.482646790000004,517.83,1896448,0.2,2.6942367032170296,-0.0038838809297885744,1.0866714119911194,0.0001,0.939189076423645,0.2960478365421295,0.6120054125785828,0.0536865234375,12180,0.006680674
1270,464,1495,37.82396542000001,525.94,1900544,0.2,2.39747122079134,-0.0021403985694632864,1.0846288323402404,0.0001,0.9607501029968262,0.296329140663147,0.9842414259910583,0.0429443359375,12190,0.0058164843
1272,465,1496,36.49866208,531.07,1904640,0.2,0.9602418407797814,-0.0032112391520058734,1.0862450271844863,0.0001,0.9541995525360107,0.2959517240524292,0.30215758085250854,0.05205078125,12200,0.0054875826
1274,466,1497,40.03794388,526.68,1908736,0.2,0.7001615632325411,-0.007091568266332615,1.0894614517688752,0.0001,0.9713931083679199,0.2954283058643341,0.30439457297325134,0.0908203125,12210,0.013108481
1276,467,1498,39.618751769999996,513.91,1912832,0.2,1.4085012331604958,-0.0015017097350209952,1.0952569261193275,0.0001,0.9401151537895203,0.2946283519268036,0.5739973187446594,0.120703125,12220,0.0061166063
1278,468,1499,38.75373969,522.94,1916928,0.2,0.9404464043676853,-0.0022007517545716837,1.0982737362384796,0.0001,0.9802802801132202,0.29503539204597473,0.3041318953037262,0.0640869140625,12230,0.0061446703
1280,469,1500,38.11286717,528.76,1921024,0.2,2.3103709653019906,-0.0035431858152151106,1.0979460537433625,0.0001,0.9378286004066467,0.29513081908226013,0.6132352352142334,0.0502197265625,12240,0.004634749
1282,470,1500,38.66612119,530.53,1925120,0.2,1.1078688852488994,-0.0030237865081289782,1.0999840334057809,0.0001,0.9574047923088074,0.2949236035346985,0.4780743718147278,0.0892822265625,12250,0.006890583
1284,471,1501,39.31220834,529.96,1929216,0.2,1.7870189078152179,-0.005282045432250015,1.101563860476017,0.0001,0.9327986240386963,0.2946803569793701,0.5463007688522339,0.072265625,12260,0.0074279085
1286,472,1502,39.72016945,513.02,1933312,0.2,1.3334069348871709,-0.0034175154185504654,1.1022323086857795,0.0001,0.9581765532493591,0.2948940396308899,0.47840258479118347,0.07275390625,12270,0.007373834
1288,473,1503,41.85379919,504.41,1937408,0.2,1.5984223671257496,-0.005175429460359737,1.1012525528669357,0.0001,0.9264363050460815,0.29488319158554077,0.4165462255477905,0.0626220703125,12280,0.0048898254
1290,474,1504,41.374637869999994,502.76,1941504,0.2,1.3596795462071896,-0.003447852707176935,1.1006123155355454,0.0001,0.9535457491874695,0.2947883903980255,0.4926198124885559,0.0597412109375,12290,0.0054779747
1292,475,1505,39.49371322,510.88,1945600,0.2,2.4860310047864913,-0.0031553029766655527,1.1006863698363305,0.0001,0.9333160519599915,0.2946414351463318,0.856265664100647,0.07314453125,12300,0.006318778
1294,476,1506,41.19965135,518.27,1949696,0.2,1.442387130856514,-0.004248539922991767,1.1007870942354203,0.0001,0.9513046145439148,0.2947852313518524,0.6560570001602173,0.05107421875,12310,0.004663363
1296,477,1507,39.57696119,509.22,1953792,0.2,1.6221296094357966,-0.0021547536976868286,1.1008311748504638,0.0001,0.9614221453666687,0.2943878769874573,0.5070701241493225,0.0606201171875,12320,0.0047462895
1298,478,1508,37.49985494,495.88,1957888,0.2,1.5973117485642434,-0.0008778784482274205,1.102463285624981,0.0001,0.9764105677604675,0.2941622734069824,0.46678516268730164,0.0700439453125,12330,0.011853043
1300,479,1509,35.74133403,502.34,1961984,0.2,1.6487841442227364,-0.00204348455008585,1.1024305149912834,0.0001,0.9806107878684998,0.2944861948490143,0.5599021911621094,0.0660400390625,12340,0.0033171466
1302,480,1510,34.23337782,506.09,1966080,0.2,2.6555618688464167,-0.003028126561548561,1.1004012450575829,0.0001,0.9674549698829651,0.2950984835624695,1.2564868927001953,0.0581298828125,12350,0.004825934
1304,481,1510,33.39565928,518.26,1970176,0.2,1.1226961605250836,-0.002662053606763948,1.0970499977469443,0.0001,0.9811878800392151,0.2959803342819214,0.4400061368942261,0.0799560546875,12360,0.009729512
1306,482,1511,32.97596031,530.27,1974272,0.2,2.2487512588500977,-0.0038805970951216297,1.0931499734520913,0.0001,0.9583837389945984,0.2963472306728363,1.0171918869018555,0.06025390625,12370,0.005137814
1307,483,1512,32.6632252,529.89,1978368,0.2,1.6890387557446958,-0.0037621914758346974,1.089933815598488,0.0001,0.9440202116966248,0.2974070906639099,0.6533752679824829,0.056103515625,12380,0.004349992
1309,484,1513,32.56422553,516.22,1982464,0.2,3.336968633532524,-0.0031438683305168524,1.0863733902573585,0.0001,0.8965824842453003,0.29783910512924194,1.137792706489563,0.03701171875,12390,0.005613336
1311,485,1514,33.7399991,509.3,1986560,0.2,1.5513777136802673,-0.00520986680930946,1.0857346594333648,0.0001,0.8992364406585693,0.29803967475891113,0.4593631327152252,0.0631591796875,12400,0.0060165236
1313,486,1515,34.87548108,507.16,1990656,0.2,1.2475212588906288,-0.002046743771643378,1.0881469592452049,0.0001,0.9285193085670471,0.2978489100933075,0.5092736482620239,0.0871337890625,12410,0.013604546
1315,487,1515,34.65207918,500.72,1994752,0.2,1.5223529040813446,-0.0015410258696647362,1.0882761612534524,0.0001,0.9121778607368469,0.2975417375564575,0.36813390254974365,0.1046875,12420,0.0038396576
1317,488,1516,35.29481923,510.8,1998848,0.2,2.4059467166662216,-0.004417406852007843,1.0891812682151794,0.0001,0.9547349214553833,0.2965950071811676,0.8694536089897156,0.0678466796875,12430,0.0042777853
1281,489,1562,32.343701020000005,516.22,2002944,0.2,1.3985398702323437,-0.003547165053896606,1.0894222870469092,0.0001,0.9856137037277222,0.2966213822364807,0.724341094493866,0.0638427734375,12440,0.0056514307
