time/fps,time/iterations,time/time_elapsed,time/total_timesteps,train/policy_gradient_loss,train/n_updates,train/loss,train/entropy_loss,train/std,train/approx_kl,rollout/ep_rew_mean,train/learning_rate,train/value_loss,train/clip_range,train/clip_fraction,rollout/ep_len_mean,train/explained_variance
4085,1,1,4096,,,,,,,,,,,,,
3707,2,2,8192,-0.001985046049230732,10,0.5577341914176941,-2.8342296868562697,0.9942035675048828,0.003657804,-95.8378075,0.0003,2.9466885313391686,0.2,0.0140625,600.0,-0.0055702924728393555
3564,3,3,12288,-0.002965243885410018,20,0.43628832697868347,-2.823067229986191,0.9903947114944458,0.0049915067,-97.16016857142857,0.0003,2.5345460630953314,0.2,0.0244384765625,618.5714285714286,0.4042828679084778
3663,4,4,16384,-0.00406878255889751,30,0.2978912591934204,-2.815624678134918,0.9849457740783691,0.0056583676,-97.4359074090909,0.0003,1.8390976034104825,0.2,0.0291748046875,650.9545454545455,0.4323781728744507
3883,5,5,20480,-0.004947343870298937,40,0.284361869096756,-2.79959799349308,0.9761623740196228,0.007084399,-88.7409725,0.0003,1.1211101189255714,0.2,0.04228515625,638.8,0.5037854909896851
4044,6,6,24576,-0.006199635993107222,50,0.12954264879226685,-2.7834247767925264,0.9679334759712219,0.008618568,-86.30566626470588,0.0003,0.5254185888916254,0.2,0.0659912109375,634.3529411764706,0.6971938610076904
4186,7,6,28672,-0.00509545108943712,60,0.1933567374944687,-2.7641150832176207,0.9590988159179688,0.0051457663,-84.76617982051282,0.0003,0.7260973274707794,0.2,0.040625,643.2307692307693,0.6167443990707397
4285,8,7,32768,-0.006675092445220798,70,0.17554083466529846,-2.744346874952316,0.9476706385612488,0.007777739,-80.77682804255318,0.0003,0.5420990739017725,0.2,0.0537841796875,638.4255319148937,0.713945746421814
4339,9,8,36864,-0.007315761467907578,80,0.07062943279743195,-2.7090917050838472,0.9232404232025146,0.0066073574,-77.70439054545454,0.0003,0.25564085356891153,0.2,0.04794921875,642.7272727272727,0.5895249843597412
4444,10,9,40960,-0.00926740127033554,90,0.025535568594932556,-2.6629889726638796,0.9095318913459778,0.008341289,-75.26305906666668,0.0003,0.1380809284746647,0.2,0.0757080078125,639.1666666666666,0.6549401879310608
4417,11,10,45056,-0.009106948005501181,100,0.07386352121829987,-2.6313374668359755,0.8935372829437256,0.008033756,-73.5829255076923,0.0003,0.22161228600889443,0.2,0.087060546875,641.9846153846154,0.6997488737106323
4427,12,11,49152,-0.003940577089088038,110,0.11290894448757172,-2.6079234749078752,0.8889142274856567,0.0053729787,-75.22458869014083,0.0003,0.7099244803190231,0.2,0.029052734375,653.9859154929577,0.6727308034896851
4469,13,11,53248,-0.0060837506396637766,120,0.0671655461192131,-2.5957907497882844,0.883081316947937,0.0053306078,-72.70555532051281,0.0003,0.3605152923613787,0.2,0.0388671875,653.4871794871794,0.8248504400253296
4525,14,12,57344,-0.007324479128874373,130,0.020243018865585327,-2.573192095756531,0.8676152229309082,0.0058461977,-70.50607301176471,0.0003,0.09435354573652148,0.2,0.0466796875,654.2705882352941,0.8171038031578064
4541,15,13,61440,-0.007164412346901372,140,0.025200635194778442,-2.534580925107002,0.8495533466339111,0.0082150465,-69.23398107692309,0.0003,0.1594104296527803,0.2,0.0857666015625,651.4175824175824,0.5724955797195435
4577,16,14,65536,-0.0060908331739483405,150,0.14414601027965546,-2.504965701699257,0.8440119028091431,0.005964073,-68.33446571578948,0.0003,0.3964843526482582,0.2,0.0503662109375,652.0631578947368,0.0684736967086792
4614,17,15,69632,-0.012150207566446625,160,0.03684936463832855,-2.480663126707077,0.8292584419250488,0.0074643535,-66.31425694,0.0003,0.11087809456512332,0.2,0.1083984375,651.08,0.6944434642791748
4619,18,15,73728,-0.011063850819482468,170,0.0010648947209119797,-2.4410180300474167,0.8110679388046265,0.009574176,-61.65833344999999,0.0003,0.06778572518378496,0.2,0.103515625,653.76,0.5347921252250671
4612,19,16,77824,-0.006222468284249771,180,0.039350882172584534,-2.39957976937294,0.7958877086639404,0.0062919776,-56.604379900000005,0.0003,0.142873842921108,0.2,0.07314453125,643.0,0.7144622802734375
4623,20,17,81920,-0.006103874926338904,190,0.14661046862602234,-2.3698485285043716,0.7874778509140015,0.005819259,-54.99902011000001,0.0003,0.3607672302052379,0.2,0.042822265625,648.78,0.6099374294281006
4628,21,18,86016,-0.005065206412109546,200,0.08446063101291656,-2.351912397146225,0.7807201147079468,0.0061042784,-55.13011118,0.0003,0.22743052635341882,0.2,0.048828125,660.88,0.6639744639396667
4635,22,19,90112,-0.006190450664144009,210,0.11922786384820938,-2.338091012835503,0.7764443159103394,0.0072942213,-52.68801113000001,0.0003,0.34465417787432673,0.2,0.0680419921875,661.06,0.5916643142700195
4614,23,20,94208,-0.005984225019346923,220,0.08987124264240265,-2.3205979079008103,0.7681954503059387,0.005959524,-51.144846779999995,0.0003,0.22995514739304782,0.2,0.0593017578125,657.93,0.7281454801559448
4608,24,21,98304,-0.005318842695851344,230,0.3137955665588379,-2.3073281079530714,0.766019344329834,0.0050456794,-50.95420005,0.0003,0.7994891464710235,0.2,0.0346435546875,656.73,0.4031648635864258
1195,25,85,102400,-0.003797738489811309,240,0.09379548579454422,-2.29831562936306,0.7612583637237549,0.0037328938,-50.6017727,0.0003,0.3081686345860362,0.2,0.016796875,660.3,0.6660118103027344
1226,26,86,106496,-0.004362865842995234,250,0.04775657132267952,-2.285848993062973,0.7552512884140015,0.00496451,-50.114049890000004,0.0003,0.26695242077112197,0.2,0.03125,658.8,0.8997192978858948
1261,27,87,110592,-0.006096769054420292,260,0.05682286620140076,-2.2687421321868895,0.7490321397781372,0.005453212,-49.667387500000004,0.0003,0.31373562216758727,0.2,0.0591064453125,660.7,0.8809196352958679
1293,28,88,114688,-0.005015855262172408,270,0.05090853571891785,-2.2484737813472746,0.7399845123291016,0.0049576606,-46.185157610000005,0.0003,0.16134351035580038,0.2,0.0453125,649.66,0.9115993976593018
1326,29,89,118784,-0.0041775288642384115,280,0.14602942764759064,-2.229843032360077,0.7354023456573486,0.004228507,-47.895789259999994,0.0003,0.4791311230510473,0.2,0.031591796875,652.61,0.7609174847602844
1358,30,90,122880,-0.0046773276786552746,290,0.1552380472421646,-2.2190420776605606,0.7328261137008667,0.005000064,-46.78931509,0.0003,0.4644773915410042,0.2,0.030419921875,650.18,0.834467887878418
1390,31,91,126976,-0.006246295417076908,300,0.05566302686929703,-2.214273285865784,0.731850266456604,0.0059833657,-46.23744223999999,0.0003,0.20377654042094945,0.2,0.0498779296875,650.83,0.9426893591880798
1422,32,92,131072,-0.006066145131626399,310,0.10077561438083649,-2.210986167192459,0.7296855449676514,0.006356603,-46.168378780000005,0.0003,0.26424462869763377,0.2,0.052099609375,658.26,0.8869027495384216
1452,33,93,135168,-0.008344454527832567,320,0.0366067998111248,-2.2027916580438616,0.7263450026512146,0.0070187775,-45.580517769999986,0.0003,0.18698551319539547,0.2,0.0719482421875,658.27,0.7620130181312561
1483,34,93,139264,-0.008317747805267572,330,0.025270383805036545,-2.194444164633751,0.7239053845405579,0.006476486,-45.13714605000001,0.0003,0.12740286737680434,0.2,0.0668701171875,662.75,0.8839854001998901
1513,35,94,143360,-0.004715557608869858,340,0.05016833543777466,-2.1793712198734285,0.7146320939064026,0.004645769,-45.11197734,0.0003,0.13945965580642222,0.2,0.0405517578125,665.59,0.9279302954673767
1543,36,95,147456,-0.003932400094345212,350,0.11595731228590012,-2.1636739701032637,0.7143499851226807,0.0056087347,-45.098233,0.0003,0.34981715101748706,0.2,0.0188232421875,668.86,0.613688588142395
1571,37,96,151552,-0.007450544694438577,360,0.10635725408792496,-2.158497357368469,0.709524929523468,0.0058087334,-43.03815088999999,0.0003,0.3037532227113843,0.2,0.0543701171875,660.0,0.8734430074691772
1600,38,97,155648,-0.005365510060801171,370,0.05524333566427231,-2.1447338283061983,0.7057216167449951,0.005613123,-42.940641590000006,0.0003,0.17217926867306232,0.2,0.040576171875,662.5,0.9421555399894714
1629,39,98,159744,-0.005255132817546837,380,0.027123713865876198,-2.1366753369569778,0.7031733989715576,0.0050385837,-41.102083349999994,0.0003,0.106619917973876,0.2,0.0626953125,663.5,0.9659837484359741
1659,40,98,163840,-0.006253904828918166,390,0.022629430517554283,-2.124625933170319,0.6962292194366455,0.004949483,-39.43545122999999,0.0003,0.10123047223314643,0.2,0.0429931640625,663.8,0.9548617005348206
1687,41,99,167936,-0.007881659179111012,400,0.017713185399770737,-2.1002678483724595,0.6875697374343872,0.009188853,-37.80766006,0.0003,0.09128939481452107,0.2,0.089892578125,661.02,0.953260064125061
1715,42,100,172032,-0.005983209781697951,410,0.05054683983325958,-2.07991062104702,0.6825079321861267,0.005821962,-36.22261476,0.0003,0.1907969383522868,0.2,0.0637451171875,659.47,0.8941547870635986
1740,43,101,176128,-0.007191984279779717,420,0.03924962505698204,-2.065673980116844,0.6771062612533569,0.008992029,-35.07074317,0.0003,0.145069719851017,0.2,0.06640625,657.77,0.8690955638885498
1763,44,102,180224,-0.005816520561347715,430,0.10131676495075226,-2.053345540165901,0.6754076480865479,0.0037855252,-34.43604498,0.0003,0.3255657048895955,0.2,0.0470703125,658.47,0.852198600769043
1789,45,102,184320,-0.006637880354537629,440,0.09321613609790802,-2.0510794311761855,0.6751248240470886,0.0059133493,-32.88647862,0.0003,0.3132760263979435,0.2,0.0465576171875,659.33,0.8674966096878052
1814,46,103,188416,-0.006546009160229005,450,0.08918171375989914,-2.0519237160682677,0.6755615472793579,0.005175992,-32.048431470000004,0.0003,0.2981070136651397,0.2,0.048388671875,660.69,0.5036652088165283
1839,47,104,192512,-0.0043475108279380946,460,0.045665889978408813,-2.050554910302162,0.6736141443252563,0.0054854997,-31.234145050000002,0.0003,0.14700925014913083,0.2,0.0281005859375,658.05,0.9058708548545837
1863,48,105,196608,-0.005008366034599021,470,0.05642654374241829,-2.0391665518283846,0.6681114435195923,0.004303876,-30.83417794,0.0003,0.2695028970018029,0.2,0.0447265625,655.27,0.6673112511634827
1163,49,172,200704,-0.006600256837555207,480,0.07046414911746979,-2.0283169597387314,0.6665489673614502,0.0056804353,-30.09336009,0.0003,0.18874120898544788,0.2,0.0473388671875,652.76,0.9371211528778076
1181,50,173,204800,-0.005118022802344057,490,0.06419973075389862,-2.0240950137376785,0.665503740310669,0.008449597,-29.965362319999993,0.0003,0.23252709060907364,0.2,0.0771484375,647.83,0.9095733761787415
1199,51,174,208896,-0.005752041570667643,500,0.05436781048774719,-2.0193854540586473,0.6633716821670532,0.0055855736,-29.203798590000005,0.0003,0.2643198365345597,0.2,0.067138671875,650.74,0.6992315053939819
1217,52,174,212992,-0.007221086326171644,510,0.03393956646323204,-2.009911212325096,0.6589495539665222,0.0061322143,-27.59043336,0.0003,0.14033130537718536,0.2,0.0666748046875,642.35,0.8090274930000305
1234,53,175,217088,-0.005756102973828092,520,0.17030513286590576,-2.0002507731318473,0.6575896739959717,0.0054307836,-26.972828019999998,0.0003,0.4983315274119377,0.2,0.0474853515625,640.12,0.757542610168457
1250,54,176,221184,-0.005379562277812511,530,0.21415355801582336,-1.9938541755080224,0.6541628241539001,0.0043953676,-27.693034179999994,0.0003,0.47767300345003605,0.2,0.04228515625,639.92,0.7579953074455261
1267,55,177,225280,-0.005617601615085732,540,0.1245618611574173,-1.9859228909015656,0.6527993679046631,0.0051173847,-28.295975240000004,0.0003,0.40639704540371896,0.2,0.0407958984375,640.71,0.7347596883773804
1283,56,178,229376,-0.007172784727299586,550,0.13941442966461182,-1.985325489938259,0.6541070938110352,0.005540408,-28.76156123,0.0003,0.43828492127358915,0.2,0.051806640625,640.8,0.6966121196746826
1299,57,179,233472,-0.0036041930026840417,560,0.17374451458454132,-1.9817606598138808,0.6488494873046875,0.0036536397,-29.78446692,0.0003,0.5504755016416312,0.2,0.02353515625,642.7,0.7393925189971924
1315,58,180,237568,-0.005211165035143494,570,0.11095556616783142,-1.9693857789039613,0.6481543779373169,0.004874845,-29.980727160000004,0.0003,0.34905715361237527,0.2,0.0533935546875,646.52,0.8156697154045105
1332,59,181,241664,-0.007211791625013575,580,0.148898646235466,-1.9677813455462456,0.6463054418563843,0.0063186544,-30.298994519999997,0.0003,0.45906687788665296,0.2,0.06328125,651.5,0.8103494644165039
1348,60,182,245760,-0.004597850498976186,590,0.05646334961056709,-1.960555662214756,0.6434870958328247,0.004109851,-30.378249930000003,0.0003,0.20608826149255038,0.2,0.0353271484375,653.48,0.8942404389381409
1363,61,183,249856,-0.004492067595128902,600,0.06517094373703003,-1.9580164447426796,0.645317018032074,0.004366986,-29.707578879999996,0.0003,0.23320995289832352,0.2,0.0339599609375,658.66,0.8839234113693237
1375,62,184,253952,-0.005995455931406468,610,0.14995940029621124,-1.9569676145911217,0.6422083377838135,0.0047700536,-29.63098791,0.0003,0.38154022321105,0.2,0.0506103515625,655.31,0.7930399775505066
1391,63,185,258048,-0.006150732273817993,620,0.12481150031089783,-1.9482240617275237,0.640099287033081,0.004692808,-29.425534179999996,0.0003,0.4974342226982117,0.2,0.0396240234375,656.93,0.9034541845321655
1406,64,186,262144,-0.00760280772956321,630,0.03760775178670883,-1.9451278731226922,0.6399991512298584,0.0075473897,-29.014000130000003,0.0003,0.12128639528527856,0.2,0.0750244140625,652.5,0.9265183806419373
1421,65,187,266240,-0.004161357218981721,640,0.11983873695135117,-1.9462991908192635,0.6403710842132568,0.0040495843,-29.09675942,0.0003,0.3559573652222753,0.2,0.03759765625,655.83,0.8048534393310547
1435,66,188,270336,-0.005571009745472111,650,0.07295463979244232,-1.9413341596722602,0.6370211839675903,0.004938705,-28.66240883,0.0003,0.2261094642803073,0.2,0.05146484375,658.01,0.9204908013343811
1449,67,189,274432,-0.005658756371121854,660,0.07389507442712784,-1.9329587265849113,0.6353594064712524,0.0055761402,-29.04177808,0.0003,0.24444180801510812,0.2,0.046240234375,655.11,0.9333294630050659
1464,68,190,278528,-0.005434658881858923,670,0.07734493166208267,-1.9251147136092186,0.6323840618133545,0.005769217,-29.058504739999993,0.0003,0.22889412548393012,0.2,0.0439453125,659.35,0.9490219950675964
1478,69,191,282624,-0.006741345164482482,680,0.0417092964053154,-1.9103808224201202,0.6245673894882202,0.004683393,-29.039544629999995,0.0003,0.1737725267186761,0.2,0.0404052734375,671.03,0.9415422677993774
1492,70,192,286720,-0.004994410008657723,690,0.05873608589172363,-1.8946378171443938,0.6244939565658569,0.0051371306,-28.998512539999997,0.0003,0.17789795026183128,0.2,0.047607421875,674.41,0.9534258842468262
1506,71,193,290816,-0.005001918498601298,700,0.09189260005950928,-1.8958421692252159,0.6246329545974731,0.0045355055,-28.61373869,0.0003,0.3829337479546666,0.2,0.0311279296875,672.29,0.8852195739746094
1520,72,193,294912,-0.007679128187010065,710,0.1592952013015747,-1.8894861534237861,0.6203180551528931,0.0070093027,-28.002486939999997,0.0003,0.40184404961764814,0.2,0.0565185546875,674.25,0.8422763347625732
1532,73,195,299008,-0.005265940786921419,720,0.028808725997805595,-1.876737552881241,0.6171354055404663,0.004926562,-26.302102960000003,0.0003,0.12007641717791558,0.2,0.0455078125,673.0,0.9313551187515259
1134,74,267,303104,-0.008068992773769424,730,0.21439450979232788,-1.8680960685014725,0.6152310371398926,0.0073921815,-26.57915562,0.0003,0.4853017024695873,0.2,0.0820556640625,669.31,0.9145727157592773
1145,75,268,307200,-0.0049798159234342165,740,0.14957109093666077,-1.8685357764363288,0.6181008815765381,0.0048277974,-25.53648131,0.0003,0.5154552474617958,0.2,0.0385986328125,666.09,0.7918931245803833
1155,76,269,311296,-0.005024809608585201,750,0.2522564232349396,-1.8757766380906105,0.6187312602996826,0.005295057,-26.113216989999998,0.0003,0.6335930824279785,0.2,0.0535888671875,663.4,0.7520735859870911
1165,77,270,315392,-0.005834943047375418,760,0.07911764830350876,-1.8729350224137307,0.6156144142150879,0.006973276,-25.96526909999999,0.0003,0.2733827713876963,0.2,0.0599365234375,655.46,0.9559794068336487
1176,78,271,319488,-0.007044211692118552,770,0.1248556599020958,-1.8680490881204606,0.6165546178817749,0.00594925,-25.439225250000003,0.0003,0.3603450059890747,0.2,0.0557861328125,654.57,0.9033830165863037
1186,79,272,323584,-0.006149977055611089,780,0.17789991199970245,-1.875282394886017,0.6202385425567627,0.005775924,-25.314051609999996,0.0003,0.44510993286967276,0.2,0.0588134765625,655.9,0.9359917640686035
1197,80,273,327680,-0.0064482901216251776,790,0.14399011433124542,-1.8805265739560126,0.6189719438552856,0.004819356,-24.740038929999997,0.0003,0.33589501306414604,0.2,0.0416748046875,654.65,0.941643238067627
1208,81,274,331776,-0.006098615660448559,800,0.020649485290050507,-1.8765514343976974,0.6174732446670532,0.006759314,-24.087010560000003,0.0003,0.12312215939164162,0.2,0.052978515625,655.35,0.9375025033950806
1218,82,275,335872,-0.005269498642883263,810,0.09923595190048218,-1.8710725128650665,0.6164608597755432,0.0054273377,-24.516915879999996,0.0003,0.2577845921739936,0.2,0.0679443359375,659.12,0.9352176785469055
1228,83,276,339968,-0.007036289083771408,820,0.10450616478919983,-1.8636161983013153,0.6128730177879333,0.0050744694,-24.361219700000003,0.0003,0.36142207626253364,0.2,0.051611328125,658.62,0.878936231136322
1238,84,277,344064,-0.006956965597055387,830,0.0692957192659378,-1.8501240909099579,0.6072320342063904,0.007889881,-23.857944289999995,0.0003,0.26242183055728674,0.2,0.0693115234375,656.22,0.883326530456543
1248,85,278,348160,-0.0037835067181731575,840,0.09022393077611923,-1.8379040628671646,0.6058735847473145,0.0046222513,-23.872580439999997,0.0003,0.24380843583494424,0.2,0.03486328125,650.03,0.9604730010032654
1258,86,279,352256,-0.004788581730099395,850,0.03063707798719406,-1.8341919958591462,0.6047729253768921,0.005415947,-23.165451159999996,0.0003,0.14270609011873603,0.2,0.0421142578125,648.18,0.9499183297157288
1268,87,280,356352,-0.005054446068243124,860,0.09229603409767151,-1.8323860451579095,0.6053199768066406,0.005059471,-22.57435062,0.0003,0.28264091070741415,0.2,0.044091796875,648.18,0.8362682461738586
1278,88,281,360448,-0.005513650708599016,870,0.08821331709623337,-1.8291068971157074,0.6021859645843506,0.007950813,-22.35712215,0.0003,0.2411708841100335,0.2,0.0596435546875,644.33,0.6924132704734802
1288,89,282,364544,-0.0060202589651453305,880,0.0838865339756012,-1.819943718612194,0.6004908084869385,0.007985815,-22.69461439,0.0003,0.3143386963754892,0.2,0.0586181640625,643.53,0.9322299361228943
1298,90,283,368640,-0.00502863310102839,890,0.05910298228263855,-1.8157462492585181,0.5999207496643066,0.0053385505,-22.36613471,0.0003,0.1763399548828602,0.2,0.02978515625,646.4,0.967350423336029
1308,91,284,372736,-0.006917610808159225,900,0.18656980991363525,-1.8163623914122582,0.601401686668396,0.006074039,-21.23752586,0.0003,0.45766437873244287,0.2,0.062353515625,645.16,0.7165414094924927
1318,92,285,376832,-0.005740099298418499,910,0.03221694380044937,-1.8125060766935348,0.5949195027351379,0.003952966,-21.1287913,0.0003,0.12295060502365232,0.2,0.03212890625,644.83,0.9271681904792786
1328,93,286,380928,-0.00556275189446751,920,0.01256176084280014,-1.800663198530674,0.5967811942100525,0.006872425,-20.65100871,0.0003,0.08918161005713046,0.2,0.046728515625,642.15,0.9525823593139648
1338,94,287,385024,-0.005284781793307047,930,0.011767098680138588,-1.801959604024887,0.5943272113800049,0.005526825,-20.336426940000003,0.0003,0.07224221914075316,0.2,0.051123046875,642.75,0.9094949960708618
1347,95,288,389120,-0.005893324935459532,940,0.031790342181921005,-1.7928607001900674,0.5918956995010376,0.0049664867,-18.916234270000004,0.0003,0.11936165345832705,0.2,0.0576904296875,641.79,0.952764630317688
1356,96,289,393216,-0.004836083114787471,950,0.11003934592008591,-1.7796453401446342,0.586298942565918,0.0059609655,-19.556001660000003,0.0003,0.29170493260025976,0.2,0.0534912109375,642.96,0.8672921657562256
1365,97,290,397312,-0.004314117637113668,960,0.08267240971326828,-1.7654488176107406,0.5838044881820679,0.0048756995,-20.324791740000002,0.0003,0.3142898488789797,0.2,0.03984375,631.92,0.9130649566650391
1106,98,362,401408,-0.006563044857466593,970,0.10388139635324478,-1.7597430899739266,0.583670973777771,0.0042121466,-19.436328569999997,0.0003,0.3361748898401856,0.2,0.051904296875,633.27,0.8757733702659607
1115,99,363,405504,-0.005751606704143342,980,0.05796390399336815,-1.7546162977814674,0.5790684223175049,0.00631826,-19.657663299999996,0.0003,0.22005566507577895,0.2,0.0487548828125,632.65,0.9354227781295776
1123,100,364,409600,-0.005758790485560894,990,0.14056342840194702,-1.7384931713342666,0.575804591178894,0.0073671825,-19.094994949999997,0.0003,0.42262078933417796,0.2,0.0562255859375,634.37,0.8501183986663818
1132,101,365,413696,-0.004801609073183499,1000,0.06421512365341187,-1.7371257692575455,0.5781410932540894,0.0048250626,-19.37296815,0.0003,0.2158393908292055,0.2,0.0432861328125,628.92,0.939459502696991
1140,102,366,417792,-0.006338473764481023,1010,0.2039114236831665,-1.7448067411780357,0.5801693201065063,0.0049765604,-19.78202775,0.0003,0.5907333210110665,0.2,0.05087890625,633.27,0.8526403903961182
1149,103,366,421888,-0.00600858814723324,1020,0.07842683792114258,-1.7509399935603143,0.5809037685394287,0.0060070194,-19.8306436,0.0003,0.24899062924087048,0.2,0.0494384765625,634.33,0.9390290975570679
1158,104,367,425984,-0.006345604963280493,1030,0.035655416548252106,-1.744032096862793,0.5769374370574951,0.009560442,-18.85664299,0.0003,0.09611535407602786,0.2,0.0726806640625,637.19,0.9191375374794006
1165,105,368,430080,-0.006432975694769994,1040,0.048791419714689255,-1.733060136437416,0.5745166540145874,0.0067667784,-19.05492487,0.0003,0.14471808094531297,0.2,0.070751953125,636.86,0.9481995105743408
1174,106,369,434176,-0.006103681660897564,1050,0.02578595280647278,-1.7256228893995285,0.5728980302810669,0.0074142967,-18.3609616,0.0003,0.14470305247232318,0.2,0.0600830078125,640.17,0.9600432515144348
1182,107,370,438272,-0.006033968074189033,1060,0.058726146817207336,-1.7169678628444671,0.5692315697669983,0.0075845816,-18.31989909,0.0003,0.15213190782815217,0.2,0.0781982421875,640.26,0.9053022861480713
1190,108,371,442368,-0.009152100386563689,1070,0.06383753567934036,-1.7067076593637467,0.5674180388450623,0.008005306,-18.54167043,0.0003,0.22076743375509977,0.2,0.0783203125,640.61,0.9062107801437378
1199,109,372,446464,-0.006082469681859948,1080,0.06768828630447388,-1.7026110485196113,0.56682950258255,0.004598062,-19.31705887,0.0003,0.25247626192867756,0.2,0.0446533203125,643.31,0.9351968169212341
1207,110,373,450560,-0.00632494805031456,1090,0.016758285462856293,-1.708792245388031,0.5712380409240723,0.007474049,-19.17286264,0.0003,0.10001357896253467,0.2,0.065576171875,649.74,0.9788567423820496
1215,111,374,454656,-0.005363515947829,1100,0.02481328696012497,-1.7123603239655494,0.5671201348304749,0.006779705,-18.736440340000005,0.0003,0.07995297103188932,0.2,0.0582763671875,648.98,0.952673077583313
1223,112,375,458752,-0.007490895605587866,1110,0.0269022136926651,-1.693707187473774,0.562120795249939,0.008172378,-18.42788453,0.0003,0.11009940681979061,0.2,0.0779052734375,651.6,0.9358035922050476
1231,113,375,462848,-0.00669319621520117,1120,0.08453430980443954,-1.690661895275116,0.5659691095352173,0.008451723,-17.81826431,0.0003,0.31264463178813456,0.2,0.0812744140625,654.39,0.9314055442810059
1239,114,376,466944,-0.006673325726296753,1130,0.06557857245206833,-1.70193959325552,0.5668606758117676,0.006364173,-16.96002493,0.0003,0.16150096692144872,0.2,0.0658447265625,655.61,0.88141930103302
1245,115,378,471040,-0.006878601346397772,1140,0.28577563166618347,-1.6966494023799896,0.5629461407661438,0.005527743,-17.241432590000002,0.0003,0.6712069064378738,0.2,0.0464599609375,654.0,0.772741436958313
1252,116,379,475136,-0.006028664513723925,1150,0.11111416667699814,-1.6843286350369453,0.561917781829834,0.0051816413,-18.0781761,0.0003,0.375180577673018,0.2,0.0462646484375,654.66,0.9641185998916626
1259,117,380,479232,-0.004777605293202214,1160,0.09415343403816223,-1.686450009047985,0.5632370710372925,0.004777543,-17.59641761,0.0003,0.2815747272223234,0.2,0.0410888671875,658.05,0.9747351408004761
1264,118,382,483328,-0.006159077538177371,1170,0.16576792299747467,-1.6899314254522324,0.5639805197715759,0.0069608535,-17.25198787,0.0003,0.427138489857316,0.2,0.04365234375,655.01,0.9606113433837891
1271,119,383,487424,-0.006374776427401229,1180,0.12023118883371353,-1.6941075220704078,0.5654740333557129,0.0041087484,-17.881274360000003,0.0003,0.36982869878411295,0.2,0.040869140625,657.23,0.974367618560791
1278,120,384,491520,-0.0050508273910963904,1190,0.07106906175613403,-1.6950827851891517,0.5635815262794495,0.0046639317,-17.90142505,0.0003,0.23906462248414756,0.2,0.032763671875,656.66,0.967848002910614
1284,121,385,495616,-0.00631755928916391,1200,0.14004254341125488,-1.6899533301591874,0.5634344816207886,0.004114682,-18.30577513,0.0003,0.4958520125597715,0.2,0.041552734375,659.51,0.9424959421157837
1291,122,386,499712,-0.0057894943311112,1210,0.12493859231472015,-1.6829236209392548,0.5583893656730652,0.004639797,-18.259873600000002,0.0003,0.33780434280633925,0.2,0.039453125,656.39,0.9678264856338501
1086,123,463,503808,-0.00412610950297676,1220,0.10875708609819412,-1.6708588853478432,0.5577898621559143,0.0041080834,-18.715361520000002,0.0003,0.3180618219077587,0.2,0.044091796875,663.72,0.94873046875
1092,124,464,507904,-0.004011337968404405,1230,0.09769704192876816,-1.6652649000287056,0.554986834526062,0.0074776234,-18.52397622,0.0003,0.2531504647806287,0.2,0.0533935546875,669.28,0.9328117966651917
1098,125,465,512000,-0.005993227419094182,1240,0.05017653480172157,-1.6525377616286279,0.5509192943572998,0.004519466,-18.29944977,0.0003,0.14468726413324476,0.2,0.0469482421875,665.88,0.9795541167259216
1105,126,466,516096,-0.004525857797125355,1250,0.1642286777496338,-1.6419775992631913,0.5491878390312195,0.0038304804,-18.64356301,0.0003,0.3368704741820693,0.2,0.04033203125,674.0,0.9754307270050049
1112,127,467,520192,-0.007549644922255539,1260,0.03532297909259796,-1.6313023924827577,0.5442056655883789,0.005502627,-18.822380519999996,0.0003,0.1655036151409149,0.2,0.0529296875,670.28,0.8913195729255676
1119,128,468,524288,-0.0043197694045375105,1270,0.007931502535939217,-1.617679886519909,0.542558491230011,0.0046088495,-18.15905026,0.0003,0.05261804251931608,0.2,0.03359375,668.72,0.9705216288566589
1126,129,469,528384,-0.004545706763747148,1280,0.006578782573342323,-1.6118698999285699,0.5407304763793945,0.00380174,-17.78079348,0.0003,0.04901559399440884,0.2,0.040234375,666.19,0.9083632230758667
1132,130,470,532480,-0.0049635702656814825,1290,0.03678281605243683,-1.6071456521749496,0.5401029586791992,0.008079024,-17.851850159999998,0.0003,0.14059324115514754,0.2,0.0609619140625,666.18,0.8980717658996582
1139,131,470,536576,-0.005449097027303651,1300,0.016150493174791336,-1.6096237853169442,0.5429123640060425,0.0066354144,-16.947556889999998,0.0003,0.11424519615247845,0.2,0.053759765625,664.67,0.9244014024734497
1146,132,471,540672,-0.007279908124473877,1310,0.022572848945856094,-1.6136027559638024,0.5416393280029297,0.004766124,-16.449360230000003,0.0003,0.0939077370800078,0.2,0.050927734375,665.14,0.9817666411399841
1152,133,472,544768,-0.0057453094341326505,1320,0.12601689994335175,-1.6119693413376808,0.5420973300933838,0.008335141,-16.507041850000004,0.0003,0.40208223517984154,0.2,0.059326171875,665.26,0.9468229413032532
1158,134,473,548864,-0.0073647464043460785,1330,0.030907906591892242,-1.6181049093604087,0.5458190441131592,0.0064910487,-15.83237987,0.0003,0.1226600424386561,0.2,0.0613525390625,664.97,0.9757509827613831
1163,135,475,552960,-0.00619036749121733,1340,0.09254691004753113,-1.6264386028051376,0.5460547208786011,0.0040313043,-15.053980630000002,0.0003,0.3070619564503431,0.2,0.05302734375,666.8,0.9420256018638611
1169,136,476,557056,-0.007644870079820976,1350,0.07816658169031143,-1.6248929336667062,0.5459402203559875,0.0073526944,-15.422051720000002,0.0003,0.2357590053230524,0.2,0.069970703125,666.09,0.9616734385490417
1175,137,477,561152,-0.005928413278888911,1360,0.1270003467798233,-1.6269276142120361,0.5466415882110596,0.0061951233,-14.55332858,0.0003,0.29920314978808166,0.2,0.05224609375,664.15,0.9629985094070435
1181,138,478,565248,-0.005686631263233721,1370,0.013817415572702885,-1.6252701535820961,0.545208215713501,0.0050964216,-14.38297854,0.0003,0.07006374867632985,0.2,0.0724365234375,665.32,0.9555718898773193
1188,139,479,569344,-0.005621458050154615,1380,0.02056232839822769,-1.6162384629249573,0.5420410633087158,0.0066045746,-13.590719360000001,0.0003,0.0858382283244282,0.2,0.0620849609375,658.93,0.8188537359237671
1194,140,480,573440,-0.0030925454891985284,1390,0.11388804018497467,-1.609523631632328,0.5426672697067261,0.0034985617,-13.696976089999998,0.0003,0.2555390061810613,0.2,0.0535888671875,655.38,0.5763086080551147
1200,141,481,577536,-0.0051535975930164565,1400,0.020881962031126022,-1.6127337232232093,0.5423579812049866,0.005907093,-12.73663721,0.0003,0.07004752615466714,0.2,0.0599609375,657.67,0.852114200592041
1206,142,482,581632,-0.007328542406321503,1410,0.059142641723155975,-1.6119010716676712,0.5434138178825378,0.0072667347,-13.379946959999998,0.0003,0.24994686394929885,0.2,0.0699951171875,655.18,0.9479520320892334
1212,143,483,585728,-0.0070942359219770875,1420,0.015178859233856201,-1.617250806093216,0.5443631410598755,0.006142572,-12.927007269999999,0.0003,0.10144613152369857,0.2,0.0503662109375,652.05,0.9663481712341309
1217,144,484,589824,-0.005579986670636572,1430,0.08248713612556458,-1.618825612962246,0.545014500617981,0.0063351635,-13.606913749999999,0.0003,0.3106536864303052,0.2,0.0787353515625,649.99,0.9426276087760925
1223,145,485,593920,-0.003157339312019758,1440,0.2762379050254822,-1.6213854864239692,0.5451865196228027,0.0041106725,-15.58422269,0.0003,0.6667645733803511,0.2,0.0267333984375,654.72,0.8979732394218445
1228,146,486,598016,-0.005541876761708408,1450,0.11383765935897827,-1.621216131746769,0.5449614524841309,0.0046152617,-15.31275085,0.0003,0.2830857202410698,0.2,0.0348388671875,655.67,0.895592212677002
1065,147,565,602112,-0.005716592186945491,1460,0.06862250715494156,-1.6210729375481605,0.5451672077178955,0.0057370896,-15.36856062,0.0003,0.21895972806960345,0.2,0.0545654296875,652.74,0.9291061162948608
1070,148,566,606208,-0.00751635929045733,1470,0.022812675684690475,-1.6243340462446212,0.5463776588439941,0.006172216,-14.676962199999998,0.0003,0.13386933999136091,0.2,0.0534912109375,649.05,0.9586891531944275
1075,149,567,610304,-0.00631492996471934,1480,0.007542712613940239,-1.6270401611924172,0.5471063256263733,0.0063059707,-14.999172220000002,0.0003,0.07124502072110772,0.2,0.0547607421875,650.95,0.972376823425293
1080,150,568,614400,-0.005082196986768395,1490,0.0077756308019161224,-1.626218853890896,0.5463265180587769,0.0073030945,-14.538149079999998,0.0003,0.06951475916430354,0.2,0.05673828125,649.02,0.9831716418266296
1086,151,569,618496,-0.003849121133680455,1500,-0.007623166777193546,-1.6210667073726654,0.5443500280380249,0.0054374663,-14.158027479999998,0.0003,0.03075464500579983,0.2,0.0460205078125,647.54,0.9513821005821228
1091,152,570,622592,-0.00677522812911775,1510,-0.008085682056844234,-1.6069842875003815,0.5383141040802002,0.005302272,-13.812606180000003,0.0003,0.038440977106802166,0.2,0.054150390625,649.58,0.9775062203407288
1096,153,571,626688,-0.005945808885735459,1520,0.07803715020418167,-1.597086913883686,0.5403009653091431,0.005121079,-13.603899440000003,0.0003,0.21837583109736441,0.2,0.0604248046875,648.61,0.9687734842300415
1101,154,572,630784,-0.006058587331790477,1530,0.018269425258040428,-1.5984336644411088,0.5380027890205383,0.005668061,-13.57097497,0.0003,0.0845033765770495,0.2,0.0534423828125,647.04,0.9102956056594849
1106,155,573,634880,-0.006569536018650979,1540,0.011262292042374611,-1.5921076893806458,0.5380600094795227,0.0053569176,-14.300785360000003,0.0003,0.08474815441295505,0.2,0.0432373046875,642.13,0.98134845495224
1111,156,574,638976,-0.004981786783901043,1550,-0.007038744166493416,-1.5954598113894463,0.5394171476364136,0.0058183246,-13.818653819999998,0.0003,0.050058474368415776,0.2,0.05009765625,643.91,0.9831636548042297
1117,157,575,643072,-0.004353478088160045,1560,0.04825366288423538,-1.594203105568886,0.5369911789894104,0.0060215276,-13.96840741,0.0003,0.13498216336593033,0.2,0.0621826171875,644.7,0.9911879897117615
1122,158,576,647168,-0.0059054967161500825,1570,0.04694097489118576,-1.5824167907238007,0.5343796014785767,0.004295172,-13.672419569999997,0.0003,0.19767412096261977,0.2,0.0425048828125,641.9,0.9860461354255676
1128,159,577,651264,-0.006700464340974576,1580,0.02557763084769249,-1.5756049647927284,0.5331675410270691,0.010968141,-13.821040609999997,0.0003,0.08373487768694758,0.2,0.093603515625,644.04,0.8874337673187256
1133,160,578,655360,-0.005986429710173979,1590,0.007238045334815979,-1.5680118173360824,0.5296163558959961,0.00797922,-12.870311119999998,0.0003,0.05343997157178819,0.2,0.0635498046875,643.79,0.9699209332466125
1138,161,579,659456,-0.007358042628038674,1600,0.09133553504943848,-1.5487385123968125,0.5235313177108765,0.007962104,-11.755268629999998,0.0003,0.26274844668805597,0.2,0.087158203125,639.44,0.9397259950637817
1143,162,580,663552,-0.005370308208512142,1610,0.021615874022245407,-1.5361179381608963,0.523017168045044,0.005923629,-11.744831170000003,0.0003,0.07738560670986772,0.2,0.0519287109375,639.35,0.9193219542503357
1148,163,581,667648,-0.006490146805299446,1620,0.015707867220044136,-1.5373636826872825,0.5246175527572632,0.0068499465,-11.875218260000002,0.0003,0.10583158442750573,0.2,0.054443359375,639.53,0.9877697825431824
1154,164,581,671744,-0.007542226545047015,1630,0.025310928001999855,-1.530960538983345,0.5188400745391846,0.005948743,-11.898144129999999,0.0003,0.10558276986703277,0.2,0.06455078125,641.13,0.9864699840545654
1159,165,583,675840,-0.005321384119451977,1640,0.12882383167743683,-1.518690548837185,0.5191676616668701,0.0087884,-11.98888013,0.0003,0.35171245858073236,0.2,0.0764892578125,642.1,0.9663220047950745
1162,166,584,679936,-0.004158594078035094,1650,0.16914115846157074,-1.5170314237475395,0.5173924565315247,0.00376766,-12.91197422,0.0003,0.5114923890680074,0.2,0.043505859375,644.39,0.948639452457428
1167,167,585,684032,-0.004291148562333547,1660,0.0740598514676094,-1.5087447732686996,0.5144631862640381,0.004188591,-14.11610867,0.0003,0.23361483365297317,0.2,0.0390869140625,645.74,0.989913284778595
1172,168,586,688128,-0.0076430961955338715,1670,0.16752034425735474,-1.5000636100769043,0.513472318649292,0.004557387,-15.067050060000001,0.0003,0.4441826496273279,0.2,0.065966796875,637.42,0.9604874849319458
1177,169,587,692224,-0.004244231502525508,1680,0.12312069535255432,-1.4979638144373895,0.5127518177032471,0.0056859264,-15.782287720000001,0.0003,0.41942277997732164,0.2,0.0320068359375,642.87,0.6138991117477417
1182,170,588,696320,-0.006544602120993659,1690,0.06470760703086853,-1.5083863839507103,0.519921600818634,0.005243807,-14.913271969999997,0.0003,0.2306108742952347,0.2,0.0652099609375,643.99,0.8911247849464417
1052,171,665,700416,-0.003880953788757324,1700,0.017508575692772865,-1.5304496854543685,0.5223447680473328,0.0043396824,-15.136813570000001,0.0003,0.12978548081591726,0.2,0.03515625,642.99,0.9664106369018555
1056,172,666,704512,-0.003934426855994389,1710,0.04106784611940384,-1.53370141685009,0.5222651958465576,0.005641468,-15.249869449999998,0.0003,0.15767641058191656,0.2,0.0511962890625,644.5,0.9677333235740662
1061,173,667,708608,-0.01013194531260524,1720,0.011249374598264694,-1.5337943241000176,0.5225869417190552,0.007808025,-14.694909580000001,0.0003,0.09389453865587712,0.2,0.0692626953125,640.66,0.9341496825218201
1064,174,669,712704,-0.004276858706725761,1730,0.02646266296505928,-1.5334914118051528,0.522336483001709,0.0034487154,-14.821099640000002,0.0003,0.12283745557069778,0.2,0.0476806640625,641.69,0.9394322037696838
1068,175,670,716800,-0.005594701907830313,1740,0.09523168206214905,-1.5309457942843436,0.520764946937561,0.0033202656,-15.677422400000001,0.0003,0.24563954547047614,0.2,0.0324462890625,642.54,0.9754204154014587
1073,176,671,720896,-0.006849955691723153,1750,0.09986012428998947,-1.5345713034272195,0.5243605375289917,0.004777466,-15.677165839999997,0.0003,0.30112632233649494,0.2,0.048583984375,639.78,0.9440027475357056
1077,177,672,724992,-0.007312507260940038,1760,0.08022718131542206,-1.5443723484873773,0.5252148509025574,0.007761012,-15.707635270000003,0.0003,0.27385329734534025,0.2,0.054443359375,638.76,0.802088737487793
1082,178,673,729088,-0.0055605610061320474,1770,0.027382491156458855,-1.5442052811384201,0.524614691734314,0.004683744,-15.8850999,0.0003,0.11428234903141857,0.2,0.0506103515625,644.51,0.9164033532142639
1086,179,674,733184,-0.0054170949966646734,1780,0.1349625438451767,-1.5450597688555718,0.5265971422195435,0.006532354,-15.796873939999998,0.0003,0.3260171370580792,0.2,0.0494384765625,642.71,0.6507647037506104
1090,180,675,737280,-0.006387753257877193,1790,0.03538733348250389,-1.5443216517567635,0.5235885977745056,0.00621376,-15.517377000000003,0.0003,0.12476674905046821,0.2,0.0679931640625,640.06,0.8011664152145386
1095,181,676,741376,-0.006608223594957963,1800,0.01011333055794239,-1.539392276108265,0.5238780379295349,0.0054915687,-14.474698849999998,0.0003,0.07800802108831703,0.2,0.0601318359375,641.92,0.9737595319747925
1099,182,677,745472,-0.006539893650915474,1810,0.028201136738061905,-1.5382827341556549,0.5232333540916443,0.004586084,-13.821320569999996,0.0003,0.11922928309068084,0.2,0.0469482421875,638.73,0.9511253833770752
1103,183,679,749568,-0.005519929109141231,1820,0.023604344576597214,-1.537912479043007,0.5245130658149719,0.0044593564,-13.625192049999999,0.0003,0.1227736571803689,0.2,0.0499755859375,639.72,0.926306962966919
1108,184,680,753664,-0.002758637518854812,1830,0.0704503208398819,-1.5386701345443725,0.5233965516090393,0.0044899937,-12.886661259999999,0.0003,0.23568925336003305,0.2,0.03935546875,640.24,0.9505462646484375
1111,185,681,757760,-0.0039769580398569815,1840,0.04475194215774536,-1.5458870619535445,0.5301860570907593,0.005315992,-12.106688810000001,0.0003,0.1286317674908787,0.2,0.0282958984375,636.29,0.9374009966850281
1116,186,682,761856,-0.004283835371461464,1850,0.07149997353553772,-1.5609524980187417,0.5283981561660767,0.0047443453,-13.39546348,0.0003,0.24803459420800208,0.2,0.0364990234375,640.8,0.9408372640609741
1120,187,683,765952,-0.0051796599422232244,1860,0.050890713930130005,-1.5590318515896797,0.5308241844177246,0.006104978,-13.135725390000003,0.0003,0.1431015057489276,0.2,0.0555908203125,638.04,0.9578326940536499
1124,188,684,770048,-0.005654919074731879,1870,0.007934726774692535,-1.5668067783117294,0.5320968627929688,0.0061350795,-13.061849659999998,0.0003,0.07032910739071667,0.2,0.055322265625,645.57,0.8423945903778076
1128,189,685,774144,-0.007221570040564984,1880,0.02313852682709694,-1.5639165878295898,0.5299091339111328,0.007604198,-12.902144950000002,0.0003,0.10674301190301776,0.2,0.0716064453125,640.71,0.8740363717079163
1133,190,686,778240,-0.008918430798803455,1890,0.03254453092813492,-1.5624170139431954,0.5305507779121399,0.0055104257,-12.55037025,0.0003,0.1668938343413174,0.2,0.0765869140625,638.56,0.9457716941833496
1137,191,687,782336,-0.006709879336995073,1900,0.028649374842643738,-1.5604413747787476,0.5291212201118469,0.004554932,-12.40406113,0.0003,0.11014685360714793,0.2,0.0625,638.11,0.9709132313728333
1142,192,688,786432,-0.004394241566478741,1910,0.11823943257331848,-1.561621767282486,0.531922459602356,0.004926799,-12.646826449999999,0.0003,0.4208001021295786,0.2,0.02646484375,643.4,0.8275704383850098
1146,193,689,790528,-0.004646347492234781,1920,0.050294890999794006,-1.5714399501681329,0.533487856388092,0.0063765156,-13.03980375,0.0003,0.160694014839828,0.2,0.040625,646.52,0.942111611366272
1151,194,690,794624,-0.005201802751980722,1930,0.03274530544877052,-1.5731426909565926,0.5322850942611694,0.0050755744,-12.697277099999999,0.0003,0.10911299902945756,0.2,0.0441650390625,640.95,0.9644331932067871
1155,195,690,798720,-0.005933395616011694,1940,0.06664328277111053,-1.5667809441685676,0.5311004519462585,0.005664317,-13.202312110000001,0.0003,0.2201419796794653,0.2,0.04580078125,643.72,0.9610671401023865
