rollout/ep_len_mean,time/iterations,time/fps,time/total_timesteps,rollout/ep_rew_mean,time/time_elapsed,train/learning_rate,train/entropy_loss,train/clip_fraction,train/loss,train/value_loss,train/std,train/approx_kl,train/n_updates,train/policy_gradient_loss,train/clip_range,train/explained_variance
342.14285714285717,1,5172,4096,42.490327428571426,0,,,,,,,,,,,
395.2,2,4984,8192,44.1763714,1,0.0001,0.7651704870164394,0.0482421875,0.6101511120796204,1.8259888380765914,0.28823259472846985,0.009107249,7570,-0.003355183082749136,0.2,0.9147326946258545
452.1904761904762,3,4780,12288,43.39623333333334,2,0.0001,0.7623669564723968,0.0458740234375,1.9081814289093018,3.549697157740593,0.288798063993454,0.00400983,7580,-0.0033530132379382847,0.2,0.8770331740379333
481.64516129032256,4,4704,16384,41.13825767741936,3,0.0001,0.7635627940297127,0.0693359375,0.5542677640914917,1.7422450326383114,0.2886289954185486,0.009168491,7590,-0.002173618072993122,0.2,0.9354212880134583
469.2307692307692,5,4761,20480,42.65783984615384,4,0.0001,0.7635371416807175,0.035498046875,0.3495125472545624,0.9323929771780968,0.2893662452697754,0.0038217138,7600,-0.003143451767391525,0.2,0.9625692367553711
460.48979591836735,6,4744,24576,43.57283346938775,5,0.0001,0.7625322483479977,0.04736328125,0.42129775881767273,0.9478270463645458,0.2889980375766754,0.005257144,7610,-0.005518557141476777,0.2,0.9430133104324341
466.0357142857143,7,4716,28672,44.53282198214286,6,0.0001,0.7668841041624546,0.0337890625,0.2703264057636261,0.6617545884102582,0.28913962841033936,0.0030871728,7620,-0.004474480007775128,0.2,0.9724096059799194
461.3692307692308,8,4638,32768,42.70779795384615,7,0.0001,0.7714124031364917,0.034228515625,1.0183154344558716,3.3937562987208367,0.2884414792060852,0.0036197365,7630,-0.0020802369544981048,0.2,0.8758052587509155
473.6849315068493,9,4599,36864,41.10216234246575,8,0.0001,0.7720264896750451,0.0407958984375,0.3931782841682434,1.1547584757208824,0.28860968351364136,0.003913502,7640,-0.0027595624618697912,0.2,0.9641586542129517
477.0609756097561,10,4593,40960,40.839910914634146,8,0.0001,0.7691005609929562,0.048828125,0.475876122713089,1.1670441910624505,0.2884339392185211,0.008370061,7650,-0.002206020036828704,0.2,0.968316912651062
475.13978494623655,11,4585,45056,41.540906,9,0.0001,0.766662085801363,0.056201171875,0.44526800513267517,1.324117773771286,0.2892812192440033,0.00596146,7660,-0.004066152896848507,0.2,0.966293215751648
470.55555555555554,12,4578,49152,41.86326864646464,10,0.0001,0.7621813409030438,0.04052734375,0.372444212436676,0.9452044397592545,0.2901941239833832,0.0052455263,7670,-0.0013918543671024963,0.2,0.9634448289871216
483.18,13,4568,53248,42.29488465,11,0.0001,0.7604009322822094,0.0437744140625,0.4125494062900543,0.8422810435295105,0.2909550964832306,0.0053855693,7680,-0.002013920049648732,0.2,0.9612413048744202
478.35,14,4574,57344,42.02111704000001,12,0.0001,0.7589831463992596,0.0401123046875,0.4092741906642914,0.8671852841973304,0.29230841994285583,0.004422674,7690,-0.0021400651050498707,0.2,0.9678072333335876
467.95,15,4545,61440,43.48954252000001,13,0.0001,0.7575184687972069,0.0365478515625,0.4042089283466339,0.7835155420005322,0.29294463992118835,0.0033634207,7700,-0.002132091551902704,0.2,0.9620022773742676
465.16,16,4529,65536,43.97437432999999,14,0.0001,0.7566818565130233,0.0459228515625,0.42900437116622925,1.0199882879853248,0.2934402525424957,0.0065086447,7710,-0.003694772336166352,0.2,0.9606422185897827
473.2,17,4532,69632,43.01485486000001,15,0.0001,0.753986144810915,0.0408935546875,0.3236472010612488,1.111994593590498,0.2941157817840576,0.0033757812,7720,-0.00404890578793129,0.2,0.9570749998092651
474.1,18,4529,73728,43.22971578,16,0.0001,0.7492239817976951,0.0280517578125,1.6185541152954102,5.863772168755531,0.29473036527633667,0.0054521225,7730,-0.005019356496632099,0.2,0.8085411190986633
467.85,19,4512,77824,44.22414195,17,0.0001,0.747276397049427,0.0329833984375,0.5519790649414062,1.3052860595285893,0.2948124408721924,0.0036333334,7740,-0.0023877140280092134,0.2,0.9645408391952515
471.08,20,4517,81920,44.27215851999999,18,0.0001,0.7480078935623169,0.0337158203125,0.4722787141799927,1.3434011913836001,0.294359028339386,0.006649896,7750,-0.0010355988546507434,0.2,0.9736164808273315
467.58,21,4489,86016,44.042657,19,0.0001,0.7487931117415428,0.0300048828125,0.7295418977737427,2.5084569230675697,0.2947140336036682,0.004586142,7760,-0.0036013116827234627,0.2,0.9594259262084961
461.91,22,4482,90112,42.926672530000005,20,0.0001,0.7487340658903122,0.0339111328125,1.0432710647583008,2.043670691549778,0.2945059537887573,0.0036536024,7770,-0.0022531668888404965,0.2,0.9676742553710938
466.27,23,4462,94208,42.11192198999999,21,0.0001,0.7504464328289032,0.0520751953125,0.9721899032592773,3.0303650468587877,0.2946885824203491,0.0061086137,7780,-0.003986794743104838,0.2,0.9585402011871338
491.61,24,4368,98304,38.97762523,22,0.0001,0.7520650304853916,0.0486328125,0.4999328851699829,1.7186763614416123,0.29338544607162476,0.007015442,7790,-0.0040916616766480726,0.2,0.9831419587135315
495.22,25,1264,102400,38.32010744,80,0.0001,0.7581843271851539,0.0806396484375,0.7075436115264893,2.0717506885528563,0.2930363118648529,0.007094112,7800,-0.004895071627106518,0.2,0.9852190613746643
511.7,26,1291,106496,35.639467350000004,82,0.0001,0.760085029900074,0.0382568359375,0.9160816669464111,2.01607823073864,0.29331710934638977,0.0045483434,7810,-0.002792719732678961,0.2,0.9856052398681641
515.7,27,1317,110592,33.23573107,83,0.0001,0.7595035709440708,0.0526611328125,0.7056591510772705,2.422560827434063,0.2941225469112396,0.007104212,7820,-0.003987720832810737,0.2,0.975763201713562
532.04,28,1344,114688,31.07739873,85,0.0001,0.7588063694536686,0.04326171875,1.2240831851959229,3.212408162653446,0.2941845655441284,0.005020947,7830,-0.003721959983522538,0.2,0.9523847699165344
532.88,29,1371,118784,30.945789050000002,86,0.0001,0.7618480525910855,0.0432861328125,0.573144793510437,2.115888777375221,0.2935296595096588,0.0042344956,7840,-0.0050935851177200675,0.2,0.9130619764328003
520.1,30,1398,122880,29.928999440000002,87,0.0001,0.7639458552002907,0.058544921875,0.6780734062194824,1.5250616036355495,0.2933994233608246,0.005503434,7850,-0.0030656966322567315,0.2,0.965915322303772
536.15,31,1424,126976,30.552432630000002,89,0.0001,0.7657426506280899,0.058642578125,0.4216165542602539,1.329224393516779,0.292919397354126,0.006687565,7860,-0.003429792184033431,0.2,0.9612275958061218
536.97,32,1448,131072,30.823787659999997,90,0.0001,0.7679005697369575,0.0486328125,0.5108276605606079,0.8250300794839859,0.2925772964954376,0.009493146,7870,-0.0028270916795008817,0.2,0.9583999514579773
532.76,33,1473,135168,32.53235112,91,0.0001,0.767670751363039,0.063525390625,0.5279977917671204,1.3408832132816315,0.29303231835365295,0.005876082,7880,-0.003319405822549015,0.2,0.8998403549194336
532.14,34,1497,139264,32.78602344,92,0.0001,0.7686992004513741,0.0685546875,0.2543492317199707,0.570463178679347,0.29290732741355896,0.0047810674,7890,-0.0016217659402173012,0.2,0.9679675698280334
522.43,35,1519,143360,34.96579194,94,0.0001,0.7705126784741878,0.0595458984375,0.3549708127975464,1.4365587189793587,0.2929767370223999,0.0074121747,7900,-0.001995767030166462,0.2,0.913259744644165
511.32,36,1542,147456,37.36796615,95,0.0001,0.7691468395292759,0.0541015625,0.8283352255821228,2.5921683639287947,0.29342010617256165,0.007293082,7910,-0.0020474015065701677,0.2,0.9037848711013794
511.45,37,1562,151552,37.37879425,97,0.0001,0.7684881642460824,0.0587890625,0.9603768587112427,2.872620901465416,0.29407694935798645,0.0031175106,7920,-0.004107962702983059,0.2,0.8801956176757812
501.4,38,1582,155648,40.53340097,98,0.0001,0.7665750026702881,0.056591796875,0.5640750527381897,1.7040455907583236,0.2940637767314911,0.0053084004,7930,-0.0029643563961144538,0.2,0.918824315071106
476.63,39,1602,159744,43.51368657000001,99,0.0001,0.7642045296728611,0.0321044921875,0.5127308964729309,1.1198819048702717,0.29432493448257446,0.0038556643,7940,-0.0034404649079078807,0.2,0.9634259939193726
482.52,40,1622,163840,43.54787963,100,0.0001,0.764967930316925,0.0615478515625,0.5890201330184937,1.7856328070163727,0.29456827044487,0.002587448,7950,-0.00354275097779464,0.2,0.9316385984420776
479.36,41,1642,167936,44.23033571,102,0.0001,0.7641427993774415,0.051708984375,1.0786325931549072,2.1548116192221642,0.29427313804626465,0.005959288,7960,-0.0008008009419427254,0.2,0.9067315459251404
486.92,42,1660,172032,44.29609711999999,103,0.0001,0.7669654674828053,0.0615234375,0.7288632392883301,1.7807283997535706,0.29396578669548035,0.0064163106,7970,-0.004790306033100933,0.2,0.9437101483345032
487.12,43,1678,176128,43.931953789999994,104,0.0001,0.7676419496536255,0.0408203125,0.5972557663917542,1.6218855381011963,0.29406216740608215,0.0047471104,7980,-0.0021699926364817657,0.2,0.9380419850349426
485.62,44,1695,180224,42.85812176,106,0.0001,0.7676708824932575,0.0740966796875,0.5469027757644653,1.4834203124046326,0.29430216550827026,0.00605794,7990,-0.0027092545409686864,0.2,0.9532714486122131
486.11,45,1711,184320,42.38751871,107,0.0001,0.7695614501833916,0.0586669921875,1.2951847314834595,2.5725294828414915,0.2940296232700348,0.006730456,8000,-0.003327263594837859,0.2,0.9128748178482056
494.41,46,1727,188416,41.992157649999996,109,0.0001,0.7724786557257175,0.0626220703125,0.6219130754470825,1.6488439008593558,0.2939488887786865,0.0063385237,8010,-0.003428426748723723,0.2,0.9526312947273254
501.47,47,1742,192512,42.10307835,110,0.0001,0.7777666911482811,0.0426025390625,0.5167055130004883,1.5717473104596138,0.2937661409378052,0.0072157853,8020,-0.002273150562541559,0.2,0.9459344744682312
494.9,48,1756,196608,40.897601900000005,111,0.0001,0.7834596306085586,0.0281005859375,0.6413910984992981,1.8654774993658065,0.2933976650238037,0.004138654,8030,-0.0027326739087584428,0.2,0.9421244263648987
488.31,49,1126,200704,41.700082970000004,178,0.0001,0.7881938181817532,0.0318359375,0.3531436622142792,1.3927961006760596,0.2932526171207428,0.0035907624,8040,-0.0031095489030121826,0.2,0.9850805401802063
489.3,50,1141,204800,39.55210237,179,0.0001,0.7913771785795689,0.0663818359375,0.52647864818573,1.7419253021478653,0.2929735481739044,0.010342404,8050,-0.002314459451008588,0.2,0.984373927116394
496.75,51,1153,208896,39.34297583,181,0.0001,0.7939876422286034,0.0653076171875,0.7966961860656738,2.6771554082632063,0.2929147481918335,0.006093163,8060,-0.003016070614103228,0.2,0.9687209129333496
484.95,52,1163,212992,36.480516869999995,183,0.0001,0.7947009935975075,0.04765625,0.8277416229248047,2.4958087742328643,0.2931344509124756,0.0074675772,8070,-0.0033721686661010606,0.2,0.9812794923782349
486.36,53,1177,217088,36.052722020000004,184,0.0001,0.7957433797419071,0.0525634765625,0.47650158405303955,1.318971721827984,0.2927522659301758,0.0065368786,8080,-0.0007071934276609681,0.2,0.9864607453346252
476.13,54,1190,221184,36.34902675,185,0.0001,0.7970393896102905,0.0441650390625,0.5183811187744141,1.9386115342378616,0.2928720712661743,0.0033764127,8090,-0.002601016449625604,0.2,0.9555831551551819
464.03,55,1203,225280,36.7083014,187,0.0001,0.7950729541480541,0.0583984375,0.6627528667449951,1.8872458711266518,0.2931230068206787,0.008634956,8100,-0.0051509021257516,0.2,0.9411305785179138
474.96,56,1216,229376,36.60427908,188,0.0001,0.7951665364205838,0.0697509765625,0.8127950429916382,1.804628813266754,0.2928255498409271,0.006742227,8110,-0.0014177626318996773,0.2,0.9349508285522461
481.72,57,1230,233472,36.215113360000004,189,0.0001,0.7968501895666122,0.0531982421875,0.7746944427490234,2.116664080321789,0.2921515107154846,0.008116381,8120,-0.0017259993648622185,0.2,0.9438093900680542
479.69,58,1242,237568,36.97220647,191,0.0001,0.7993181109428406,0.154638671875,0.44288843870162964,0.9717117130756379,0.29195335507392883,0.012959631,8130,0.003992282142280601,0.2,0.9681459665298462
473.36,59,1255,241664,37.3683937,192,0.0001,0.8019168622791767,0.0339111328125,0.54326993227005,1.300949165225029,0.2920486629009247,0.004447961,8140,-0.003461666582734324,0.2,0.9408491253852844
482.86,60,1266,245760,37.13661165999999,193,0.0001,0.8038087815046311,0.0363037109375,1.5655105113983154,3.640977641940117,0.29173576831817627,0.006359385,8150,-0.0021021774940891192,0.2,0.8961480259895325
481.06,61,1279,249856,37.24939146,195,0.0001,0.8045664608478547,0.0477294921875,0.7545609474182129,2.0821995839476584,0.2918912470340729,0.0049370695,8160,-0.004126890964107588,0.2,0.9409714937210083
471.77,62,1291,253952,39.05850721,196,0.0001,0.803100387006998,0.045654296875,0.7803019881248474,2.389436866343021,0.29202526807785034,0.0066804416,8170,-0.002679191160132177,0.2,0.9020479321479797
463.5,63,1302,258048,40.49797282,198,0.0001,0.8018251694738865,0.0771728515625,0.4253804087638855,1.7339065060019494,0.29315802454948425,0.009969072,8180,-0.0012602416827576235,0.2,0.9416101574897766
468.37,64,1314,262144,42.76348465,199,0.0001,0.7991253413259983,0.0651123046875,0.41574743390083313,1.5571398839354516,0.29301363229751587,0.0047747158,8190,-0.0015659878539736384,0.2,0.8858904838562012
474.34,65,1325,266240,43.39908441000001,200,0.0001,0.8000589713454247,0.0582763671875,0.28041553497314453,0.7794407434761524,0.29295122623443604,0.0063122604,8200,-0.004478475119685754,0.2,0.9626076817512512
476.92,66,1335,270336,42.68695315,202,0.0001,0.8029095478355884,0.077001953125,0.4129078686237335,1.35543926730752,0.29202768206596375,0.0134969065,8210,0.00037803775630891324,0.2,0.9243177771568298
486.36,67,1346,274432,43.18155095,203,0.0001,0.81063846424222,0.0573486328125,0.5830304026603699,1.6982501804828645,0.2909449338912964,0.005567759,8220,-0.0031647435709601266,0.2,0.945467472076416
482.56,68,1357,278528,43.888535680000004,205,0.0001,0.815799830108881,0.03857421875,0.483914315700531,1.1358980238437653,0.29128456115722656,0.0026151508,8230,-0.002770163222157862,0.2,0.9372928142547607
478.82,69,1368,282624,43.740016489999995,206,0.0001,0.8185486376285553,0.04365234375,0.3848019242286682,1.1339950121939182,0.29138246178627014,0.010190664,8240,0.0001259509168448858,0.2,0.9570993781089783
486.31,70,1379,286720,42.97561429,207,0.0001,0.8198021449148655,0.0544677734375,0.8077415227890015,1.8554225519299508,0.29108959436416626,0.008496162,8250,-0.003599113185191527,0.2,0.9171459078788757
476.86,71,1389,290816,43.03611325,209,0.0001,0.8225089639425278,0.0306884765625,0.497658371925354,1.1781220629811286,0.2897964119911194,0.0044836514,8260,-0.00277036065235734,0.2,0.9569888710975647
481.3,72,1399,294912,42.75383207,210,0.0001,0.8290492080152034,0.0499755859375,0.5447095632553101,1.515293288230896,0.2890886664390564,0.00689899,8270,-0.003007280037854798,0.2,0.9618592858314514
484.56,73,1410,299008,42.90468453,212,0.0001,0.8322410240769387,0.0473388671875,0.9156307578086853,1.7701159462332725,0.2891554832458496,0.004770327,8280,-0.0016725488938391208,0.2,0.8931722044944763
477.33,74,1088,303104,43.630570860000006,278,0.0001,0.83195755854249,0.033935546875,0.31130507588386536,0.7164631996303796,0.29000523686408997,0.0034759121,8290,-0.004126323999662418,0.2,0.9589412212371826
490.73,75,1097,307200,43.205464920000004,279,0.0001,0.8331494592130184,0.031103515625,0.6438706517219543,2.6501201137900354,0.289819598197937,0.0033955197,8300,-0.002696409015334211,0.2,0.8527074456214905
484.13,76,1106,311296,42.71025386,281,0.0001,0.8348538473248481,0.0451171875,0.8889596462249756,2.0532211109995844,0.2890060842037201,0.0037376452,8310,-0.0036775416287127883,0.2,0.9067320823669434
482.7,77,1115,315392,42.796838169999994,282,0.0001,0.8364363484084606,0.0459228515625,0.43993446230888367,0.9274081327021122,0.2889670133590698,0.005349084,8320,-0.0022396697982912882,0.2,0.9540460109710693
491.08,78,1124,319488,42.049148130000006,284,0.0001,0.8364892736077308,0.03759765625,0.5046592354774475,1.243832916021347,0.29020029306411743,0.0039679743,8330,-0.0027919814281631263,0.2,0.9493220448493958
485.18,79,1132,323584,41.27737654,285,0.0001,0.835239789634943,0.065966796875,0.6945081949234009,2.0868690744042397,0.29033517837524414,0.009191411,8340,-0.0038444750272901727,0.2,0.9221264719963074
490.56,80,1140,327680,40.4577373,287,0.0001,0.8359260961413384,0.07353515625,0.7262051105499268,1.85531018152833,0.2900671064853668,0.0052275825,8350,-0.0017617948091356085,0.2,0.9267520904541016
496.99,81,1149,331776,38.99698764,288,0.0001,0.8346588753163815,0.057177734375,0.655723512172699,1.796616905927658,0.2901197373867035,0.0068890173,8360,-0.003042418076074682,0.2,0.9670639634132385
489.66,82,1158,335872,37.635260939999995,290,0.0001,0.8333775885403156,0.0735595703125,0.8388278484344482,7.6548865139484406,0.2905679941177368,0.012616092,8370,-0.0076841068628709765,0.2,0.9118227362632751
496.54,83,1166,339968,38.872088,291,0.0001,0.8333636224269867,0.05703125,0.3295346796512604,0.8338452100753784,0.2901524305343628,0.0050349124,8380,-0.005027588052325882,0.2,0.9735032916069031
489.71,84,1175,344064,39.96382027,292,0.0001,0.8377261884510517,0.0404052734375,0.39591288566589355,1.4183768391609193,0.28973284363746643,0.0046561644,8390,-0.0032138295733602717,0.2,0.9015966057777405
479.89,85,1183,348160,39.72256299,294,0.0001,0.8430781401693821,0.0504150390625,0.41097205877304077,0.8812197282910347,0.28971418738365173,0.005312617,8400,-0.002794792942586355,0.2,0.9580647945404053
476.01,86,1192,352256,39.67274226000001,295,0.0001,0.843636704236269,0.0233642578125,0.7528664469718933,3.01316886395216,0.2901003956794739,0.0034819657,8410,-0.003490093519212678,0.2,0.8406376242637634
481.78,87,1200,356352,39.888089910000005,296,0.0001,0.842436321824789,0.0537109375,0.7504506707191467,1.7164649076759815,0.2910604476928711,0.0057812426,8420,-0.0033695060439640654,0.2,0.9736167788505554
498.32,88,1208,360448,38.25476931,298,0.0001,0.8437675178050995,0.0384765625,0.4960133135318756,1.2819163501262665,0.28996649384498596,0.004764918,8430,-0.004401772950950544,0.2,0.9875474572181702
490.44,89,1216,364544,37.798056939999995,299,0.0001,0.8484292358160019,0.0619873046875,0.4149770140647888,1.0229822300374507,0.2896667420864105,0.0070728054,8440,-0.002396339154802263,0.2,0.9916262626647949
477.6,90,1225,368640,38.71697327000001,300,0.0001,0.8515647634863853,0.05927734375,0.8681746125221252,2.2168923363089563,0.2895369827747345,0.0067019924,8450,-0.001104404087527655,0.2,0.8871148228645325
472.32,91,1233,372736,39.91771415,302,0.0001,0.85183075517416,0.0779541015625,0.6643919348716736,1.4112864226102828,0.28994661569595337,0.007323155,8460,-0.00551955295377411,0.2,0.9498722553253174
466.89,92,1241,376832,38.44037347,303,0.0001,0.8485887438058853,0.0493408203125,0.7050216794013977,1.858588546514511,0.2901862561702728,0.004605936,8470,-0.0033238646108657123,0.2,0.9737980961799622
467.72,93,1249,380928,41.837036129999994,304,0.0001,0.847742360830307,0.0847412109375,0.42300015687942505,1.0998245626688004,0.28984448313713074,0.0058726147,8480,-0.0036664824787294493,0.2,0.9842419624328613
484.48,94,1254,385024,39.93171914,306,0.0001,0.8469940416514874,0.039599609375,0.8394810557365417,2.401103916764259,0.2903333902359009,0.0041393028,8490,-0.002995120834384579,0.2,0.9552656412124634
481.69,95,1258,389120,39.492595030000004,309,0.0001,0.8426540218293667,0.049365234375,1.0886811017990112,2.7474392279982567,0.2906024158000946,0.0060025137,8500,-0.003545643505640328,0.2,0.9859507083892822
513.83,96,1263,393216,32.721688179999994,311,0.0001,0.8428878366947175,0.0551025390625,0.6583805680274963,2.0543990701437,0.2899814546108246,0.0044277906,8510,-0.0019060958104091697,0.2,0.9881172776222229
510.2,97,1271,397312,32.49591791000001,312,0.0001,0.8457122564315795,0.034130859375,0.4172903001308441,0.8892427980899811,0.29018670320510864,0.007079633,8520,-0.0014063344511669128,0.2,0.994827389717102
510.52,98,1065,401408,32.37843511999999,376,0.0001,0.8498409077525139,0.061865234375,0.5482434034347534,1.4539279282093047,0.2895727753639221,0.0074049416,8530,-0.004994223522953689,0.2,0.9627796411514282
491.38,99,1072,405504,31.843844309999998,378,0.0001,0.8534450866281986,0.058251953125,0.5196511149406433,1.2680003620684146,0.2903256118297577,0.0066655,8540,-0.0042489498446229845,0.2,0.9364510774612427
482.47,100,1079,409600,33.48362839,379,0.0001,0.8516250252723694,0.0343505859375,4.743859767913818,8.663065966963767,0.29081371426582336,0.00266137,8550,-0.004356526382616721,0.2,0.8150663375854492
491.56,101,1086,413696,34.188237910000005,380,0.0001,0.8485319554805756,0.0634033203125,0.4322267174720764,0.9993573188781738,0.2921927571296692,0.012114445,8560,-0.003336672321893275,0.2,0.96826171875
489.77,102,1093,417792,34.159440870000005,382,0.0001,0.8472696416079998,0.038330078125,0.4003242552280426,2.0306313306093218,0.2933221757411957,0.0056767454,8570,-0.003960510439355858,0.2,0.8624704480171204
497.86,103,1099,421888,34.32304338,383,0.0001,0.84510917365551,0.0478759765625,0.5353719592094421,1.2798226684331895,0.2924416661262512,0.0042032553,8580,-0.0026407895202282816,0.2,0.9516162872314453
478.57,104,1106,425984,35.47395139,385,0.0001,0.8500665120780468,0.037109375,0.3220776617527008,0.7786722049117089,0.2926097810268402,0.0042994097,8590,-0.002480260209995322,0.2,0.9629927277565002
464.34,105,1113,430080,36.970522280000004,386,0.0001,0.8525943472981453,0.047802734375,0.39605090022087097,1.037300630658865,0.29296883940696716,0.0051084077,8600,-0.003642525142640807,0.2,0.9657719135284424
465.4,106,1120,434176,37.741554040000004,387,0.0001,0.8550707034766674,0.0594970703125,0.28804469108581543,0.6043667547404766,0.29261064529418945,0.0041156113,8610,-0.002909353713039309,0.2,0.9707376956939697
445.62,107,1126,438272,44.24579833999999,388,0.0001,0.8576340615749359,0.043310546875,0.3592584431171417,1.3935940459370613,0.2923699617385864,0.006320611,8620,-0.002928463349235244,0.2,0.9022749662399292
451.7,108,1133,442368,44.025115959999994,390,0.0001,0.8586643226444721,0.0504638671875,0.3825646936893463,1.0487010523676872,0.2913658618927002,0.005071562,8630,-0.0027532089661690407,0.2,0.942054033279419
452.74,109,1139,446464,44.18548206,391,0.0001,0.8603118941187858,0.04130859375,0.3771808445453644,1.3487578228116035,0.2915295958518982,0.0037388364,8640,-0.004643101588590071,0.2,0.9428895115852356
459.92,110,1146,450560,44.65555803999999,392,0.0001,0.8607000038027763,0.0493408203125,0.4976327121257782,1.3752874486148357,0.2922777831554413,0.0053462232,8650,-0.005650101066567004,0.2,0.9490868449211121
469.84,111,1152,454656,43.53039280000001,394,0.0001,0.8615129880607129,0.06064453125,0.28092145919799805,0.9483299717307091,0.29251629114151,0.005069752,8660,-0.005350871798873414,0.2,0.981666088104248
478.09,112,1159,458752,42.78641276999999,395,0.0001,0.8622118555009365,0.0600341796875,0.6412084102630615,2.1260370284318926,0.2929680347442627,0.0062409975,8670,-0.002653164797811769,0.2,0.9502738118171692
484.17,113,1165,462848,42.72680028,397,0.0001,0.8594736441969871,0.0494384765625,0.968234658241272,2.3226891487836836,0.293473482131958,0.009694539,8680,-0.00399073540174868,0.2,0.8875346779823303
483.5,114,1172,466944,42.873772599999995,398,0.0001,0.8564762242138386,0.039208984375,0.6547480821609497,1.8963451847434043,0.2942647635936737,0.0061748303,8690,-0.0021536656568059698,0.2,0.9122872948646545
479.65,115,1178,471040,42.05029055,399,0.0001,0.8561840862035751,0.1111572265625,0.68536776304245,1.4843858391046525,0.29417097568511963,0.009242104,8700,-0.00322746129531879,0.2,0.9442600607872009
486.29,116,1184,475136,41.655951800000004,401,0.0001,0.8580151222646236,0.0609130859375,0.6250946521759033,1.7610289737582208,0.29403501749038696,0.008524016,8710,-0.0053703245153883476,0.2,0.9273402690887451
487.92,117,1190,479232,41.435558300000004,402,0.0001,0.8561247102916241,0.0432861328125,0.4926784932613373,1.450311567634344,0.2949011027812958,0.0036982745,8720,-0.002145669361925684,0.2,0.9493131041526794
481.31,118,1196,483328,41.77474034,403,0.0001,0.8577843531966209,0.0586181640625,0.33145081996917725,0.8860728614032268,0.29374438524246216,0.0062281312,8730,-0.005082449939800426,0.2,0.9652699828147888
483.7,119,1202,487424,41.21564085000001,405,0.0001,0.8656604245305062,0.036328125,0.347709596157074,0.8017397165298462,0.29387348890304565,0.004322073,8740,-0.0028251081908820196,0.2,0.9551725387573242
476.07,120,1207,491520,41.160518919999994,407,0.0001,0.8680192619562149,0.0432373046875,0.6209951043128967,1.601716260612011,0.2932819724082947,0.0039783786,8750,-0.0034182551316916943,0.2,0.977168083190918
482.69,121,1211,495616,39.64868628,408,0.0001,0.8702608600258828,0.044677734375,0.8868379592895508,2.338752421736717,0.2933342754840851,0.004673076,8760,-0.0006684998428681865,0.2,0.9767876267433167
475.66,122,1216,499712,40.179068629999996,410,0.0001,0.8740868985652923,0.0324951171875,0.38001778721809387,0.8620385162532329,0.29284054040908813,0.003383637,8770,-0.002180740894982591,0.2,0.9914631247520447
486.36,123,1058,503808,39.59034808,476,0.0001,0.8749629996716977,0.0404296875,0.5261539220809937,2.1698760405182838,0.2930803894996643,0.007869273,8780,-0.004281320286099799,0.2,0.9736871719360352
480.82,124,1063,507904,39.391477120000005,477,0.0001,0.8713785476982594,0.0585205078125,0.6667411923408508,1.949267679452896,0.2940748333930969,0.008538424,8790,-0.005191548919538036,0.2,0.9632760286331177
472.68,125,1068,512000,39.51413105,478,0.0001,0.8682549893856049,0.056640625,0.6592440009117126,1.6077350437641145,0.29442939162254333,0.007179317,8800,-0.005498886207351461,0.2,0.9827470779418945
494.18,126,1074,516096,36.71497945,480,0.0001,0.8680122159421444,0.06005859375,0.8557396531105042,2.4676224514842033,0.2946885824203491,0.0059906095,8810,-0.005361192359123379,0.2,0.9767946004867554
499.18,127,1080,520192,36.81303637,481,0.0001,0.8661410845816135,0.055712890625,0.5977018475532532,1.5998872190713882,0.2954100966453552,0.0033513063,8820,-0.0017415556561900304,0.2,0.978644073009491
505.48,128,1085,524288,36.8418244,482,0.0001,0.8635920293629169,0.0700927734375,0.4356003701686859,1.1610487975180148,0.29638028144836426,0.0063031064,8830,-0.0032486621174030008,0.2,0.9512036442756653
511.4,129,1091,528384,37.009573270000004,484,0.0001,0.8659097380936146,0.100048828125,0.4467141032218933,1.2832217641174792,0.2963114380836487,0.0069289305,8840,-0.0038716050738003107,0.2,0.9422630071640015
511.91,130,1096,532480,36.76871155,485,0.0001,0.8662047892808914,0.0643310546875,0.6991981863975525,1.4974070444703103,0.29683417081832886,0.0078182975,8850,-0.004597767416271381,0.2,0.9478642344474792
520.26,131,1101,536576,35.33012369,486,0.0001,0.8644727163016797,0.0439453125,0.5188543796539307,1.594485378265381,0.2971816062927246,0.0043232236,8860,-0.0020321736810728908,0.2,0.9262823462486267
518.31,132,1107,540672,35.88663751,488,0.0001,0.8622601002454757,0.0471923828125,1.9166046380996704,8.631716027855873,0.29728972911834717,0.004088528,8870,-0.0015821026725461706,0.2,0.8000199794769287
523.84,133,1112,544768,37.85535902000001,489,0.0001,0.8644539378583431,0.072998046875,0.3971611261367798,1.1275859259068965,0.29609018564224243,0.004962568,8880,-0.004880070901708678,0.2,0.9449434280395508
531.5,134,1117,548864,38.26579591,491,0.0001,0.8702385351061821,0.069873046875,0.6411867141723633,1.5372260883450508,0.29680493474006653,0.006203087,8890,-0.004187671373074409,0.2,0.9483078122138977
511.93,135,1122,552960,39.988129869999995,492,0.0001,0.8718330278992653,0.0369384765625,0.4747416377067566,1.0709427818655968,0.2969939410686493,0.0046584182,8900,-0.003975259067374282,0.2,0.9451267123222351
506.5,136,1127,557056,40.73427447,493,0.0001,0.8720545776188373,0.0466064453125,0.7114713191986084,1.9168177396059036,0.29694265127182007,0.00800732,8910,-0.0034122209472116083,0.2,0.9504947066307068
508.46,137,1132,561152,40.70624393999999,495,0.0001,0.8711962804198266,0.0438232421875,0.692713737487793,2.537876455485821,0.29671990871429443,0.0060811047,8920,-0.0028874204959720372,0.2,0.9684072136878967
509.9,138,1138,565248,41.10062074,496,0.0001,0.8746480345726013,0.0364013671875,0.29825058579444885,0.8553544461727143,0.2955707013607025,0.0059322524,8930,-0.0015342382175731473,0.2,0.9869102835655212
504.36,139,1142,569344,41.571546379999994,498,0.0001,0.8787693895399571,0.0506103515625,0.3731909990310669,1.159767922759056,0.2957998216152191,0.0064891083,8940,-0.002255405797041021,0.2,0.9792286157608032
494.01,140,1147,573440,41.52414124,499,0.0001,0.877973435819149,0.0655029296875,0.6514894962310791,1.6963131546974182,0.2961011528968811,0.008421788,8950,-0.004847048158990219,0.2,0.9602383375167847
486.69,141,1152,577536,40.82338101,501,0.0001,0.8794318675994873,0.0525634765625,0.6272627115249634,1.6619638860225678,0.29561686515808105,0.0054156417,8960,-0.003892902907682583,0.2,0.9298648834228516
485.58,142,1157,581632,40.81631132,502,0.0001,0.8803031943738461,0.0656005859375,0.5218040347099304,1.2227039635181427,0.29586195945739746,0.0052184863,8970,-0.0026067253085784612,0.2,0.9701183438301086
484.31,143,1161,585728,41.79018001,504,0.0001,0.8787912718951703,0.0576416015625,0.41328975558280945,1.157714420557022,0.2952703833580017,0.010026646,8980,-0.0030430171522311867,0.2,0.9887510538101196
501.85,144,1166,589824,39.14725907,505,0.0001,0.8794376753270626,0.0381591796875,0.43641719222068787,1.3412990801036357,0.29544296860694885,0.0042614136,8990,-0.002068094816058874,0.2,0.984039306640625
499.95,145,1171,593920,38.70989026000001,507,0.0001,0.876100417226553,0.045263671875,0.5223827958106995,2.1013360559940337,0.296874076128006,0.0059750495,9000,-0.0034402850142214447,0.2,0.9771422743797302
496.95,146,1176,598016,38.695392500000004,508,0.0001,0.871061047911644,0.039990234375,0.43313437700271606,1.1321999870240689,0.2967783212661743,0.004740835,9010,-0.0032809774536872284,0.2,0.930823028087616
510.71,147,1048,602112,39.32198206,574,0.0001,0.870109497755766,0.0451416015625,0.5649051070213318,1.3238276906311512,0.29636749625205994,0.004636067,9020,-0.001952639003866352,0.2,0.9491778612136841
517.87,148,1052,606208,39.21802531,575,0.0001,0.8717127978801728,0.085986328125,0.8244127631187439,2.546234256029129,0.29693061113357544,0.006079662,9030,-0.00413405139115639,0.2,0.9403582811355591
524.77,149,1057,610304,38.30185602,577,0.0001,0.8688000455498696,0.0544189453125,0.7474955916404724,2.4120706886053087,0.29711344838142395,0.0060189953,9040,-0.003342661376518663,0.2,0.9289170503616333
516.49,150,1061,614400,38.31230934,578,0.0001,0.867778304219246,0.078125,0.36982831358909607,1.0431356109678744,0.2967718541622162,0.0047339736,9050,-0.0034635350551980083,0.2,0.9630684852600098
504.27,151,1066,618496,40.02496946,580,0.0001,0.8708886034786701,0.0601806640625,0.6239708065986633,1.6030048079788686,0.29579630494117737,0.004851888,9060,-0.0026765871210955084,0.2,0.9133080840110779
509.46,152,1070,622592,39.81616734,581,0.0001,0.8729468420147896,0.0412841796875,1.3656667470932007,3.2320568531751634,0.295555055141449,0.006795505,9070,-0.0026238226593704892,0.2,0.9221529960632324
514.43,153,1075,626688,40.321345220000005,582,0.0001,0.8732156865298748,0.06787109375,0.48350852727890015,1.4168912924826145,0.295047789812088,0.005296602,9080,-0.002387089568946976,0.2,0.9587079882621765
515.82,154,1079,630784,40.124102089999994,584,0.0001,0.8749209694564343,0.0697021484375,0.6579134464263916,1.8355822816491127,0.2955813705921173,0.007906975,9090,-0.0015739468755782582,0.2,0.9390801787376404
499.28,155,1083,634880,40.732384540000005,585,0.0001,0.8756610408425332,0.055615234375,0.4671511948108673,1.17352706938982,0.2956685423851013,0.004767505,9100,-0.004215676401508972,0.2,0.9576864838600159
481.45,156,1087,638976,41.83429983999999,587,0.0001,0.8760105185210705,0.0407470703125,0.7974973320960999,1.4520311146974563,0.29694440960884094,0.0034124888,9110,-0.0030532162345480174,0.2,0.947216808795929
482.69,157,1091,643072,41.406613379999996,588,0.0001,0.8743415728211403,0.0570068359375,0.9574849009513855,3.500552621483803,0.2965620458126068,0.0061504776,9120,-0.003632144922448788,0.2,0.8890515565872192
481.63,158,1096,647168,39.68722717000001,590,0.0001,0.8746560983359813,0.06943359375,0.6727510094642639,1.660984256863594,0.29704004526138306,0.011651307,9130,-0.004852568899514154,0.2,0.9634560942649841
465.09,159,1100,651264,39.61920936,591,0.0001,0.8749168872833252,0.070068359375,0.33105388283729553,0.8487944893538952,0.29627925157546997,0.013144758,9140,-0.0032211372803431005,0.2,0.9793226718902588
463.33,160,1105,655360,40.164617590000006,593,0.0001,0.8773182332515717,0.0375732421875,0.39343273639678955,1.1361827790737151,0.29668840765953064,0.003167132,9150,-0.003407577655161731,0.2,0.9493687748908997
467.03,161,1109,659456,40.305112689999994,594,0.0001,0.8772479981184006,0.043603515625,1.152323603630066,2.91859185397625,0.29660460352897644,0.004502048,9160,-0.0025418653152883054,0.2,0.9153041839599609
478.26,162,1113,663552,40.09764354,595,0.0001,0.8791467197239399,0.0591064453125,1.2343112230300903,2.556814205646515,0.29660657048225403,0.0045243427,9170,-0.004474616789957508,0.2,0.9307337403297424
480.85,163,1118,667648,38.76663917999999,597,0.0001,0.8829762309789657,0.033935546875,0.47049036622047424,1.38984732106328,0.2954103350639343,0.004864759,9180,-0.0021905817469814793,0.2,0.9760943055152893
477.81,164,1122,671744,39.81000422,598,0.0001,0.8884296841919422,0.0357177734375,0.37140822410583496,0.9026222191751003,0.2949255108833313,0.002746911,9190,-0.0018959675682708621,0.2,0.9774351119995117
485.41,165,1126,675840,38.76242027999999,599,0.0001,0.8881463341414928,0.055126953125,0.9718033075332642,2.292583829164505,0.29543712735176086,0.0067126863,9200,-0.0033873412874527277,0.2,0.9279592037200928
486.75,166,1131,679936,39.270808429999995,601,0.0001,0.8879142373800277,0.073095703125,0.8276718854904175,2.2763404130935667,0.29478564858436584,0.0064027114,9210,-0.0037692726735258477,0.2,0.9367730021476746
497.11,167,1135,684032,39.0518925,602,0.0001,0.890817341953516,0.055322265625,0.5759034752845764,1.8467391937971116,0.2942502498626709,0.0041703777,9220,-0.0033359911321895197,0.2,0.9401136636734009
497.9,168,1139,688128,39.12687797,603,0.0001,0.8919141434133053,0.0790283203125,0.49666914343833923,1.4966127522289754,0.2934958338737488,0.013288948,9230,-0.005719650143873878,0.2,0.9552396535873413
480.26,169,1143,692224,40.65503418,605,0.0001,0.8940212026238441,0.043115234375,0.46703752875328064,1.2746917314827442,0.29420045018196106,0.00418763,9240,-0.003129663100116886,0.2,0.948491632938385
477.11,170,1148,696320,42.30840823000001,606,0.0001,0.8974436856806278,0.0715576171875,0.23004215955734253,0.5010175459086895,0.2941758930683136,0.0048718303,9250,-0.005201133067021147,0.2,0.9813080430030823
470.76,171,1044,700416,42.19479730999999,670,0.0001,0.9042861625552178,0.062255859375,0.5664157867431641,1.0585102885961533,0.293562650680542,0.004266638,9260,-0.00194844355864916,0.2,0.9634554982185364
458.49,172,1049,704512,43.153917650000004,671,0.0001,0.9104997560381889,0.04775390625,0.3477008640766144,0.8359086103737354,0.29310837388038635,0.0036006896,9270,-0.003019723802572116,0.2,0.9690455794334412
445.75,173,1053,708608,43.057846330000004,672,0.0001,0.9115176111459732,0.0548828125,0.30207329988479614,1.1178082577884196,0.2937503457069397,0.0043529915,9280,-0.003764303575735539,0.2,0.9473363757133484
444.22,174,1058,712704,43.36500964999999,673,0.0001,0.912499924749136,0.0753173828125,0.7296645641326904,2.160305753350258,0.29305174946784973,0.007995004,9290,-0.006730364251416177,0.2,0.9487150311470032
444.41,175,1062,716800,42.97467724,674,0.0001,0.9142633683979511,0.0892333984375,0.6123249530792236,1.443469414114952,0.29351580142974854,0.006356748,9300,-0.0014185670879669487,0.2,0.961522102355957
445.96,176,1067,720896,43.92940466,675,0.0001,0.9140304408967495,0.045458984375,0.33053094148635864,1.1067388720810414,0.29352569580078125,0.005584456,9310,-0.003146428705076687,0.2,0.9518940448760986
446.38,177,1071,724992,43.31200753,676,0.0001,0.9152039632201194,0.0788818359375,1.3584010601043701,4.234775586426258,0.29385876655578613,0.0061783027,9320,-0.006585632568749134,0.2,0.8744491934776306
451.72,178,1076,729088,43.481411009999995,677,0.0001,0.9159613072872161,0.0598388671875,0.46806034445762634,1.380866362899542,0.2946246564388275,0.009645956,9330,-0.003697502618888393,0.2,0.9543983936309814
462.19,179,1080,733184,43.590014470000014,678,0.0001,0.9173823416233062,0.062451171875,0.5196054577827454,1.3021964505314827,0.29342740774154663,0.008605316,9340,-0.004095458920346573,0.2,0.9558776021003723
468.27,180,1085,737280,43.895833859999996,679,0.0001,0.9222864545881748,0.0615478515625,0.4520527422428131,1.2325858719646932,0.29367876052856445,0.00459636,9350,-0.0023339885781751947,0.2,0.9301381707191467
465.89,181,1089,741376,43.906631190000006,680,0.0001,0.9224995136260986,0.0320068359375,0.33849620819091797,0.7173166155815125,0.2942850887775421,0.005434807,9360,-0.0020301531709264963,0.2,0.9636081457138062
472.25,182,1094,745472,44.351278119999996,681,0.0001,0.9229527197778225,0.086083984375,0.33696165680885315,0.915226562321186,0.2941379249095917,0.0036897613,9370,-0.00021408248285297303,0.2,0.9688554406166077
476.55,183,1098,749568,43.50670773000001,682,0.0001,0.9233086124062538,0.071923828125,0.6142877340316772,2.1051052123308183,0.29403042793273926,0.0043594716,9380,-0.0025673171563539653,0.2,0.8936823606491089
472.01,184,1102,753664,43.57890333,683,0.0001,0.9242011561989785,0.093408203125,0.7518364787101746,2.2600830525159834,0.29389309883117676,0.006259666,9390,-0.0005912170279771089,0.2,0.9366451501846313
479.12,185,1107,757760,44.13004221,684,0.0001,0.9242179438471794,0.0988037109375,0.8213384747505188,2.012465178966522,0.29450279474258423,0.0061735036,9400,-0.004549832423799671,0.2,0.9524303674697876
494.51,186,1111,761856,43.38311178,685,0.0001,0.9208260387182235,0.0633056640625,0.6975276470184326,1.581850466877222,0.2946309745311737,0.0092701,9410,-0.003824821999296546,0.2,0.9685755968093872
490.78,187,1116,765952,44.0216285,686,0.0001,0.9212238743901253,0.0461181640625,0.5034065246582031,1.2189981557428837,0.294491171836853,0.004929332,9420,-0.003082641604123637,0.2,0.9485650658607483
491.87,188,1120,770048,42.52687572,687,0.0001,0.9223957836627961,0.0756591796875,0.6419954895973206,1.6804126009345055,0.29443538188934326,0.0066269287,9430,-0.0017390429391525685,0.2,0.9656724333763123
489.28,189,1124,774144,43.033044569999994,688,0.0001,0.9249383412301541,0.04765625,0.6573628783226013,1.441184851527214,0.2937570810317993,0.0049514384,9440,-0.0016263336030533538,0.2,0.9691678285598755
476.61,190,1129,778240,43.682523929999995,689,0.0001,0.929765710234642,0.116357421875,0.4263903796672821,1.1172391079366206,0.29349246621131897,0.011432957,9450,-8.53385150549002e-05,0.2,0.9430945515632629
485.67,191,1133,782336,43.43634603,690,0.0001,0.9313769571483135,0.0449462890625,0.44833725690841675,1.4564058899879455,0.29336997866630554,0.0046393317,9460,-0.0023199699644465,0.2,0.9352946281433105
477.96,192,1137,786432,43.26473809000001,691,0.0001,0.9336412437260151,0.0638427734375,0.5211150050163269,0.919444727152586,0.291440486907959,0.0038670653,9470,-0.0015889008878730237,0.2,0.947215735912323
468.49,193,1142,790528,41.868083389999995,692,0.0001,0.9390272177755833,0.0791259765625,0.29543548822402954,0.8492555879056454,0.2905460000038147,0.0077587957,9480,-0.00411085644736886,0.2,0.9657565951347351
471.92,194,1146,794624,42.93075983,693,0.0001,0.9393077336251736,0.0554931640625,4.4175333976745605,8.199691022187471,0.2907465398311615,0.008896842,9490,-0.0035098176827887072,0.2,0.7253265380859375
468.76,195,1150,798720,42.80450294,694,0.0001,0.9374572195112705,0.05947265625,0.4502710998058319,1.278292802721262,0.2914353311061859,0.008450814,9500,-0.007035704245208762,0.2,0.9455679059028625
460.82,196,1089,802816,42.366269360000004,737,0.0001,0.937212336063385,0.0466796875,0.33190369606018066,1.0426062174141406,0.2909042239189148,0.0063509443,9510,-0.003537446189147886,0.2,0.939590334892273
456.44,197,1093,806912,42.81924759,737,0.0001,0.939636841416359,0.0625732421875,0.5348649621009827,1.3115310110151768,0.2900209128856659,0.006207344,9520,-0.0010956122365314513,0.2,0.9292199015617371
444.52,198,1097,811008,43.33305738999999,738,0.0001,0.9420585311949253,0.0670166015625,0.5835056304931641,1.3838768534362316,0.29046958684921265,0.0064967843,9530,-0.005136606417363509,0.2,0.9566565155982971
442.75,199,1101,815104,44.64185529000001,739,0.0001,0.9386941082775593,0.042138671875,0.46732428669929504,1.1319158732891084,0.2918393015861511,0.0048610047,9540,-0.004070191863866058,0.2,0.9496048092842102
450.56,200,1105,819200,44.14558075000001,740,0.0001,0.9354774273931981,0.0664794921875,0.5953088998794556,1.7370378613471984,0.29206734895706177,0.0061122947,9550,-0.002044555836255313,0.2,0.9336379170417786
453.01,201,1110,823296,44.33274171000001,741,0.0001,0.9340675622224808,0.03623046875,0.35159075260162354,1.323524197191,0.2918401062488556,0.005198873,9560,-0.001469759611063637,0.2,0.9260628819465637
452.5,202,1114,827392,44.79329676000001,742,0.0001,0.9333645738661289,0.0306396484375,0.4227375090122223,0.8932270176708699,0.2930968403816223,0.0037382345,9570,-0.0014079219719860703,0.2,0.9510427117347717
453.55,203,1118,831488,45.00084786,743,0.0001,0.9320757322013378,0.06279296875,0.31687524914741516,0.9770577795803547,0.29219329357147217,0.0070874924,9580,-0.003505284179118462,0.2,0.9767792820930481
456.48,204,1122,835584,45.643843079999996,744,0.0001,0.9331774018704891,0.051318359375,0.44823333621025085,1.2650700449943542,0.2919013798236847,0.004094343,9590,-0.003913132013985887,0.2,0.9795586466789246
488.22,205,1126,839680,42.77502775999999,745,0.0001,0.933940751850605,0.0391357421875,0.4230966567993164,1.2548566810786723,0.2924725413322449,0.0041968585,9600,-0.001555847110284958,0.2,0.9832484126091003
488.67,206,1130,843776,42.59298425,746,0.0001,0.9342844165861607,0.0558349609375,0.5570913553237915,1.771596398949623,0.2927680015563965,0.006516937,9610,-0.0046477333438815546,0.2,0.9416531920433044
500.36,207,1134,847872,42.45833181000001,747,0.0001,0.932741753757,0.0791748046875,0.5149696469306946,1.1072839498519897,0.2928277552127838,0.007985534,9620,-0.00180364920233842,0.2,0.9624589681625366
492.44,208,1138,851968,42.50000499,748,0.0001,0.9324304260313511,0.08369140625,0.39275357127189636,0.7307097844779491,0.2928527295589447,0.0057167485,9630,-0.004734902743075508,0.2,0.9725865125656128
485.38,209,1142,856064,43.49668246,748,0.0001,0.9356632053852081,0.0694580078125,0.3238106369972229,0.9032836526632309,0.29263418912887573,0.00919846,9640,-0.0002604702705866657,0.2,0.9393945336341858
495.49,210,1146,860160,42.10843008999999,749,0.0001,0.9412025108933448,0.05703125,0.4837576448917389,1.6854957237839698,0.2920953631401062,0.006600474,9650,-0.00562850476562744,0.2,0.9586275815963745
503.52,211,1150,864256,41.61080632,750,0.0001,0.9453492134809494,0.0544189453125,0.6176944971084595,2.0628056824207306,0.292034387588501,0.0056921304,9660,-0.004598541048471816,0.2,0.9586254954338074
492.15,212,1154,868352,41.849104450000006,751,0.0001,0.9445027634501457,0.0609130859375,0.4106791317462921,0.9529606737196445,0.2923441231250763,0.0054596756,9670,-0.0011777194042224437,0.2,0.9766266345977783
486.88,213,1158,872448,41.035021719999996,752,0.0001,0.9446251198649407,0.103173828125,0.3882697522640228,0.9387610644102097,0.2922663390636444,0.005620735,9680,0.0006979398953262716,0.2,0.9606762528419495
483.47,214,1162,876544,40.67437129,753,0.0001,0.9469162188470364,0.0429443359375,0.6087046265602112,1.454251691699028,0.2919110059738159,0.0044663255,9690,-0.002875725808553398,0.2,0.9422587156295776
487.25,215,1166,880640,41.318145789999996,754,0.0001,0.9484716124832631,0.0310302734375,0.2972307503223419,0.696746951714158,0.29249030351638794,0.0049715377,9700,-0.0038889973249752073,0.2,0.9699201583862305
474.4,216,1170,884736,44.033196190000005,755,0.0001,0.9505495205521584,0.0642333984375,0.2743256688117981,0.6022011794149875,0.29246702790260315,0.0046467385,9710,-0.0029097292572259903,0.2,0.9699394702911377
463.41,217,1174,888832,44.1221749,756,0.0001,0.9545496106147766,0.0717529296875,0.34106698632240295,0.9270071424543858,0.2927323281764984,0.0043019587,9720,-5.3010121337138114e-05,0.2,0.964198112487793
462.55,218,1178,892928,43.535280920000005,757,0.0001,0.9553945638239384,0.07021484375,0.832587718963623,2.001558890938759,0.2925967276096344,0.004674634,9730,-0.003516145545290783,0.2,0.9554076194763184
464.17,219,1182,897024,43.46235490000001,758,0.0001,0.954986484348774,0.0567138671875,0.5606255531311035,1.2796136938035487,0.29314711689949036,0.0058076237,9740,-0.0024183070665458216,0.2,0.9659627079963684
473.6,220,1124,901120,43.351612610000004,801,0.0001,0.9549810752272606,0.0521484375,0.3746565580368042,1.0720717079937458,0.29385507106781006,0.006750455,9750,-0.003110227425349876,0.2,0.9682702422142029
479.72,221,1127,905216,43.56389067,802,0.0001,0.9558643095195294,0.0625732421875,0.3342137336730957,0.6938623927533627,0.29420119524002075,0.012864387,9760,-0.003960389390704222,0.2,0.9727990031242371
470.76,222,1131,909312,42.91987988999998,803,0.0001,0.9562895990908146,0.0529052734375,0.7271268963813782,2.3544291630387306,0.2937490940093994,0.006156711,9770,-0.0024386903794948013,0.2,0.929105281829834
455.83,223,1135,913408,43.83984374,804,0.0001,0.9565614409744739,0.0512939453125,1.7574927806854248,7.913153080642223,0.29463011026382446,0.0041443766,9780,-0.003470337964245118,0.2,0.7472048997879028
457.86,224,1139,917504,44.6846703,805,0.0001,0.9515950411558152,0.0429443359375,0.3789239227771759,0.9277947470545769,0.2955701947212219,0.0057242913,9790,-0.005065488925902173,0.2,0.9673306345939636
453.78,225,1143,921600,43.02825551,806,0.0001,0.9509082861244679,0.05537109375,0.30693158507347107,1.0406575046479702,0.29552897810935974,0.009935874,9800,-0.0030233809258788822,0.2,0.9871004223823547
456.73,226,1147,925696,41.57850434000001,806,0.0001,0.9497661970555782,0.0750244140625,0.9626131653785706,2.542151527106762,0.29539811611175537,0.005199719,9810,-0.0020509967958787455,0.2,0.9515835642814636
456.48,227,1150,929792,41.34792363,807,0.0001,0.9490148909389973,0.039208984375,0.5420393943786621,1.636117260158062,0.2947334051132202,0.0049556075,9820,-0.004065630157128908,0.2,0.9432209730148315
452.49,228,1154,933888,41.200182299999994,808,0.0001,0.9510005928575993,0.025390625,0.7098132967948914,2.1298473492264747,0.294515997171402,0.005904036,9830,-0.0015112040418898687,0.2,0.9586490392684937
480.86,229,1158,937984,38.068262340000004,809,0.0001,0.9527016915380955,0.0591796875,0.6130186319351196,2.250790673494339,0.2951366603374481,0.0048632487,9840,-0.003149929280334618,0.2,0.972733199596405
476.29,230,1162,942080,38.947165010000006,810,0.0001,0.9555955477058887,0.0552490234375,0.3565134108066559,0.9813681378960609,0.295566201210022,0.011482288,9850,-0.0025863468123134225,0.2,0.9767839908599854
467.81,231,1165,946176,39.13414314999999,811,0.0001,0.9572111621499062,0.0502197265625,0.8352947235107422,2.238821978867054,0.2961978614330292,0.0088904295,9860,-0.0029857922694645823,0.2,0.9187840223312378
465.47,232,1169,950272,38.162649890000004,812,0.0001,0.9552846737205982,0.0878173828125,0.4631348252296448,1.1435701571404935,0.29662206768989563,0.007123304,9870,-0.004933162979432382,0.2,0.9647780060768127
461.9,233,1173,954368,39.68266579,813,0.0001,0.9574177093803883,0.0812255859375,0.3752860724925995,1.069378038495779,0.295870304107666,0.009866886,9880,-0.006226983587839641,0.2,0.9660143256187439
459.39,234,1177,958464,39.46563929999999,814,0.0001,0.9624558232724667,0.050537109375,0.36701011657714844,0.9671278759837151,0.29578912258148193,0.004593675,9890,-0.0031859145528869703,0.2,0.9637731313705444
475.71,235,1180,962560,39.252224090000006,815,0.0001,0.9614304542541504,0.0486328125,0.48224204778671265,1.435770294815302,0.2967008650302887,0.0061260173,9900,-0.0027712804614566265,0.2,0.9499064683914185
475.6,236,1184,966656,40.65391059,816,0.0001,0.9626817785203456,0.0609130859375,0.2794012427330017,0.6560616139322519,0.29519155621528625,0.0074410494,9910,-0.0042250329817761665,0.2,0.9804757237434387
482.54,237,1188,970752,40.93996575,817,0.0001,0.9672230765223503,0.0674072265625,0.34330666065216064,0.8847426176071167,0.29557809233665466,0.00676195,9920,-0.0012621413683518768,0.2,0.9648273587226868
475.28,238,1191,974848,41.872514730000006,818,0.0001,0.9703755751252174,0.048583984375,0.37465912103652954,0.8843151554465294,0.29536086320877075,0.004309998,9930,-0.003604831694974564,0.2,0.9798386096954346
475.01,239,1195,978944,42.14685385000001,819,0.0001,0.9736763805150985,0.05,0.2844744622707367,0.7145199038088321,0.29651379585266113,0.004613874,9940,-0.0022482629894511772,0.2,0.9660001993179321
448.31,240,1198,983040,45.88638304,819,0.0001,0.9746554285287857,0.051123046875,0.7017965316772461,1.3437618069350719,0.29585394263267517,0.0033414855,9950,-0.0019319296174217016,0.2,0.9459161162376404
467.43,241,1202,987136,44.59952578,820,0.0001,0.9758979082107544,0.073828125,0.7543210983276367,1.3739547900855542,0.29609939455986023,0.00792742,9960,-0.0031511030931142157,0.2,0.967914879322052
461.07,242,1205,991232,44.52060660000001,821,0.0001,0.9710128128528595,0.0911376953125,0.42004314064979553,0.9422630101442337,0.2970989942550659,0.007406877,9970,-0.005000409949570894,0.2,0.9756481647491455
458.47,243,1209,995328,44.9310391,822,0.0001,0.9681966133415699,0.043896484375,0.2852788269519806,0.9342218019068241,0.29793214797973633,0.0037735398,9980,-0.0021997636256855914,0.2,0.9549521207809448
468.64,244,1213,999424,45.792478630000005,823,0.0001,0.969074496626854,0.0623291015625,0.26041871309280396,0.6555105164647103,0.2986234426498413,0.00534144,9990,-0.002610921746236272,0.2,0.9631696939468384
468.89,245,1157,1003520,44.1598005,866,0.0001,0.9678076215088367,0.043017578125,0.3416443467140198,0.8622561544179916,0.298677533864975,0.0051872754,10000,-0.002691553658223711,0.2,0.9790710210800171
449.67,246,1161,1007616,44.45037925,867,0.0001,0.9669442221522331,0.0669677734375,0.2718539237976074,0.6380656972527504,0.2987545430660248,0.0053219954,10010,-0.000782105652615428,0.2,0.9886524677276611
452.61,247,1164,1011712,43.609457770000006,868,0.0001,0.9680589668452739,0.063427734375,0.5287395715713501,1.4263377092778682,0.2977469861507416,0.0060659554,10020,-0.0049199178087292236,0.2,0.9492751359939575
451.06,248,1168,1015808,42.38690728,869,0.0001,0.9702703960239887,0.04365234375,0.5933994650840759,2.1998896464705466,0.2974800765514374,0.005211698,10030,-0.0021776699082693084,0.2,0.9453012347221375
458.8,249,1171,1019904,40.92364089999999,870,0.0001,0.9703468300402165,0.0591064453125,0.5074200630187988,1.6633378945291042,0.29712972044944763,0.0077813184,10040,-0.0044623394991504025,0.2,0.9818038940429688
477.06,250,1175,1024000,39.40111178,871,0.0001,0.971420618891716,0.072802734375,0.44324105978012085,1.3972863160073756,0.29801827669143677,0.011028467,10050,-0.002663605666020885,0.2,0.982046365737915
477.71,251,1179,1028096,39.34989366999999,871,0.0001,0.9706066966056823,0.095068359375,0.3223227262496948,0.8407818451523781,0.2985439896583557,0.0075366558,10060,-0.002699737134389579,0.2,0.9770308136940002
478.56,252,1182,1032192,39.31435152,872,0.0001,0.9700765699148178,0.0456787109375,0.68321293592453,2.269573374092579,0.2984097898006439,0.0071446775,10070,-0.004017833911348134,0.2,0.9469887614250183
482.03,253,1186,1036288,38.5393093,873,0.0001,0.9716478809714317,0.0605712890625,0.4528653621673584,1.610212291777134,0.2983178198337555,0.008881243,10080,-0.003029211939428933,0.2,0.9617932438850403
492.04,254,1189,1040384,38.637029860000005,874,0.0001,0.9756752654910088,0.053076171875,1.2106698751449585,2.159983751177788,0.2982410490512848,0.006265145,10090,-0.004738827524124645,0.2,0.9329408407211304
481.06,255,1193,1044480,37.31749996,875,0.0001,0.9799571111798286,0.0831298828125,0.3215981423854828,0.8774678185582161,0.29802006483078003,0.006637004,10100,-0.0024755018996074794,0.2,0.9669137001037598
487.76,256,1196,1048576,37.06105273,876,0.0001,0.982036404311657,0.069775390625,1.9086434841156006,7.094626336544752,0.2979215681552887,0.0074370913,10110,-0.007373622414161218,0.2,0.8713189363479614
491.5,257,1200,1052672,38.6260061,877,0.0001,0.9799317739903927,0.037109375,0.4045742452144623,0.9772465147078038,0.29889973998069763,0.0024038237,10120,-0.0020964762894436716,0.2,0.9290202856063843
502.48,258,1203,1056768,37.353826729999994,878,0.0001,0.9782592713832855,0.0647705078125,0.3465488851070404,1.2015424400568009,0.29909026622772217,0.0035536834,10130,-0.00018536094430601224,0.2,0.9536232948303223
512.56,259,1206,1060864,38.477089760000005,879,0.0001,0.9787404052913189,0.0335205078125,0.3696572184562683,0.9285788156092167,0.299154669046402,0.0047084675,10140,-0.0019983304155175574,0.2,0.9605368375778198
514.8,260,1210,1064960,38.403171199999996,879,0.0001,0.9767476618289948,0.0714111328125,0.6496981978416443,1.884122261404991,0.299540638923645,0.008003486,10150,-0.004282769130077213,0.2,0.9162801504135132
528.28,261,1213,1069056,38.41743109000001,880,0.0001,0.9760128006339073,0.041796875,0.67165207862854,1.64499079734087,0.2997545301914215,0.0049631842,10160,-0.0030731731269042937,0.2,0.956027626991272
550.39,262,1216,1073152,38.27012484000001,881,0.0001,0.9773405537009239,0.0683837890625,0.6869606375694275,1.8417275086045266,0.3002246618270874,0.007582453,10170,-0.005375394594739191,0.2,0.9604641199111938
523.85,263,1220,1077248,40.751462339999996,882,0.0001,0.9760283201932907,0.0478759765625,0.5472158193588257,1.4560364872217177,0.30044978857040405,0.0050916835,10180,-0.004180318224825896,0.2,0.9567370414733887
525.26,264,1223,1081344,40.93719967,883,0.0001,0.9758610695600509,0.0707763671875,0.7267394661903381,2.3156885325908663,0.30046379566192627,0.002797899,10190,0.00022900664480403067,0.2,0.8539561033248901
498.11,265,1226,1085440,42.48532586999999,884,0.0001,0.9779637366533279,0.0597900390625,0.3724857568740845,1.1050484962761402,0.3005996346473694,0.004866505,10200,-0.0017131696047727018,0.2,0.9268888831138611
505.1,266,1230,1089536,42.534815149999986,885,0.0001,0.9790410220623016,0.089501953125,0.6291883587837219,1.6548672497272492,0.3013947904109955,0.0072271302,10210,-0.004590676169027574,0.2,0.9612374305725098
515.03,267,1233,1093632,43.1297353,886,0.0001,0.9774968542158604,0.056591796875,0.8487594127655029,2.0983783140778542,0.3011590540409088,0.0047129593,10220,-0.0005827419547131286,0.2,0.929547131061554
510.98,268,1236,1097728,42.786782390000006,887,0.0001,0.9785847701132298,0.08076171875,1.593199372291565,3.347692422568798,0.3002895712852478,0.008118816,10230,-0.00450278326170519,0.2,0.8773583769798279
506.91,269,1182,1101824,42.343168080000005,931,0.0001,0.9804601721465588,0.047802734375,2.2435390949249268,8.000865024328231,0.30061855912208557,0.0116119925,10240,-0.005289397027809173,0.2,0.7576951384544373
512.98,270,1186,1105920,44.519718680000004,932,0.0001,0.9761904306709767,0.042578125,0.5762119293212891,1.2634765833616257,0.30123063921928406,0.0059047937,10250,-0.0033044738811440766,0.2,0.9609861373901367
511.34,271,1189,1110016,43.25739051000001,933,0.0001,0.9747058607637882,0.0617919921875,0.31036096811294556,0.9470108419656753,0.3009026348590851,0.005460632,10260,-0.005189044133294374,0.2,0.9733479619026184
502.68,272,1192,1114112,42.508656810000005,933,0.0001,0.9752111591398716,0.064599609375,0.4430106282234192,1.002876690030098,0.3011006712913513,0.008179753,10270,-0.004821314991568215,0.2,0.973412275314331
480.5,273,1196,1118208,43.49175987,934,0.0001,0.97276426628232,0.0350830078125,0.3272550404071808,0.947503762692213,0.30218660831451416,0.004224132,10280,-0.003372080865665339,0.2,0.9435387253761292
459.0,274,1199,1122304,44.264331659999996,935,0.0001,0.9704118862748146,0.0595947265625,0.4485486149787903,1.5615495882928372,0.3027145266532898,0.006230284,10290,-0.003983917401637882,0.2,0.9645991325378418
489.26,275,1202,1126400,41.14112859000001,936,0.0001,0.9674976073205471,0.059375,0.46632495522499084,1.857735462486744,0.3030245900154114,0.0053787422,10300,-0.002704789166455157,0.2,0.9730994701385498
502.33,276,1205,1130496,41.063877469999994,937,0.0001,0.9655055701732635,0.0646484375,0.3387112021446228,0.9915173195302487,0.3039926588535309,0.0074411426,10310,-0.003094010383938439,0.2,0.9873178601264954
499.69,277,1209,1134592,40.64951565,938,0.0001,0.9625006727874279,0.0692138671875,0.43423542380332947,1.4889049127697944,0.3043989837169647,0.007127419,10320,-0.004569640595582314,0.2,0.961753249168396
502.28,278,1212,1138688,40.7744169,939,0.0001,0.9639557182788849,0.0714599609375,0.8521206974983215,2.3747249990701675,0.304332435131073,0.004171868,10330,1.496985205449164e-05,0.2,0.9210847020149231
504.95,279,1215,1142784,41.046632040000006,939,0.0001,0.9651457108557224,0.0568115234375,0.4142136573791504,1.0646006532013417,0.3047540485858917,0.007572044,10340,-0.0017563831788720563,0.2,0.953156054019928
503.31,280,1219,1146880,40.81234728,940,0.0001,0.9657242625951767,0.0615234375,0.32315489649772644,1.042069185525179,0.3043200373649597,0.00804401,10350,-0.005498116684611887,0.2,0.9536612629890442
511.2,281,1222,1150976,41.79797943,941,0.0001,0.9679045438766479,0.071337890625,0.702057957649231,1.7859381154179572,0.30364662408828735,0.009111877,10360,-0.0021858315099962055,0.2,0.9180350303649902
521.65,282,1225,1155072,41.18003161000001,942,0.0001,0.9688936300575733,0.0513427734375,0.5759138464927673,1.2226572819054127,0.3037221133708954,0.005136056,10370,-0.005702866130741313,0.2,0.9690485000610352
523.75,283,1228,1159168,40.17327378,943,0.0001,0.9666194096207619,0.0690185546875,0.9602469801902771,1.98744435608387,0.3040131628513336,0.01154767,10380,-0.004883210742264055,0.2,0.9681868553161621
516.03,284,1231,1163264,41.22572564,944,0.0001,0.9718634746968746,0.054833984375,0.3644868731498718,1.3588963858783245,0.30204182863235474,0.006074002,10390,-0.005193337786477059,0.2,0.9514636993408203
522.36,285,1235,1167360,40.007437169999996,945,0.0001,0.9782288074493408,0.052978515625,0.48767387866973877,1.63950856924057,0.30208873748779297,0.0050133592,10400,-0.0018958275526529179,0.2,0.9388356804847717
522.34,286,1238,1171456,40.027647140000006,946,0.0001,0.9806041836738586,0.0491455078125,0.35906171798706055,0.9786221496760845,0.3009316623210907,0.006896878,10410,-0.004739937596605159,0.2,0.9644531607627869
494.24,287,1241,1175552,43.25038719000002,946,0.0001,0.9851183086633682,0.1039306640625,0.386762410402298,1.0804780460894108,0.3010885715484619,0.009061588,10420,-0.0006595179031137377,0.2,0.9382476806640625
488.16,288,1244,1179648,42.639579760000004,947,0.0001,0.9873107239603996,0.05,0.5878784656524658,1.8136200174689292,0.30108365416526794,0.0040531172,10430,-0.003117649098567199,0.2,0.9407707452774048
501.86,289,1247,1183744,42.525804740000005,949,0.0001,0.9905494660139084,0.0384521484375,0.6323142051696777,2.1184950560331344,0.30152952671051025,0.004999627,10440,-0.0038030759489629416,0.2,0.9466947913169861
497.36,290,1250,1187840,42.624754429999996,950,0.0001,0.9893460042774678,0.0525390625,0.4623051881790161,1.2707610696554184,0.3025864362716675,0.0047293855,10450,-0.0036229282966814937,0.2,0.9612677693367004
497.01,291,1253,1191936,43.16348914,951,0.0001,0.9877773202955723,0.0435546875,0.39285099506378174,1.1314663380384444,0.3028651177883148,0.0071141957,10460,-0.002000535200932063,0.2,0.9666718244552612
495.31,292,1256,1196032,43.36771566999999,952,0.0001,0.9916671603918076,0.0757080078125,0.42887309193611145,0.9602407589554787,0.30273768305778503,0.0061647613,10470,-0.0027285817806841804,0.2,0.9577045440673828
484.56,293,1204,1200128,43.254778130000005,996,0.0001,0.9936475500464439,0.0359375,0.22299833595752716,0.6110868334770203,0.30269941687583923,0.0037543308,10480,-0.00142237998516066,0.2,0.9693818092346191
478.54,294,1207,1204224,43.872051410000005,997,0.0001,0.9939021117985248,0.054052734375,0.440754771232605,0.9701711051166058,0.30327096581459045,0.006869687,10490,-0.002981471641396638,0.2,0.9655645489692688
469.1,295,1210,1208320,44.08904592,998,0.0001,0.9931052520871162,0.034765625,0.7945548892021179,2.9772776409983637,0.30369317531585693,0.004727447,10500,-0.0033291529602138326,0.2,0.8582087755203247
460.07,296,1213,1212416,45.269748240000006,998,0.0001,0.9912463560700416,0.08876953125,0.36306628584861755,1.0318370118737221,0.3038157820701599,0.009349372,10510,-0.004113811973365955,0.2,0.9710646867752075
461.06,297,1216,1216512,45.319457650000004,999,0.0001,0.9924580201506614,0.06923828125,0.30292415618896484,0.8196408703923226,0.30317017436027527,0.0061108004,10520,-0.003814562104525976,0.2,0.9639750719070435
459.65,298,1219,1220608,45.464476160000004,1000,0.0001,0.9953709244728088,0.082275390625,0.40274351835250854,1.0157871760427952,0.30233046412467957,0.013785922,10530,-0.0029885812138672916,0.2,0.9487584233283997
458.3,299,1222,1224704,46.120199189999994,1001,0.0001,0.9989711225032807,0.06513671875,0.4786510169506073,1.239367137849331,0.3017506003379822,0.00665946,10540,-0.0034679727687034756,0.2,0.9674729108810425
456.94,300,1225,1228800,46.04987786999999,1002,0.0001,1.0036000415682793,0.06943359375,0.48814260959625244,1.5840965926647186,0.301736056804657,0.0058021406,10550,-0.004798503799247555,0.2,0.9539638161659241
462.05,301,1229,1232896,46.35681169,1003,0.0001,1.0059636637568474,0.0671875,0.31578969955444336,0.892546996474266,0.30171939730644226,0.006434005,10560,-0.0012226440041558817,0.2,0.9609227776527405
461.7,302,1232,1236992,45.60024758,1003,0.0001,1.0066116377711296,0.0759765625,0.8361963033676147,1.952286498248577,0.301783949136734,0.008223459,10570,-0.003967039141571149,0.2,0.9396382570266724
471.01,303,1235,1241088,45.88630395999999,1004,0.0001,1.007784229516983,0.0841064453125,0.4849705994129181,1.3573314920067787,0.3018382489681244,0.006380959,10580,-0.0008795018642558716,0.2,0.9672594666481018
466.61,304,1238,1245184,45.95827902999999,1005,0.0001,1.0082779213786126,0.04658203125,0.2936437726020813,0.7522377528250217,0.3016740381717682,0.0050687795,10590,-0.0016823914513224736,0.2,0.988739013671875
471.23,305,1241,1249280,45.21734007,1006,0.0001,1.0106252789497376,0.0628662109375,0.5826151371002197,1.401137215644121,0.30125683546066284,0.00886246,10600,-0.00490178358159028,0.2,0.9832919239997864
473.97,306,1244,1253376,41.40975000999999,1007,0.0001,1.0114883169531823,0.073779296875,0.36500275135040283,1.235652321577072,0.3010343313217163,0.0057096602,10610,-0.003041496020159684,0.2,0.9845544099807739
470.69,307,1247,1257472,41.89911190000001,1008,0.0001,1.0130943179130554,0.05458984375,0.4342403709888458,1.2606308721005917,0.30063748359680176,0.009162476,10620,-0.0058200444153044375,0.2,0.9778554439544678
474.85,308,1250,1261568,41.97326167999999,1009,0.0001,1.0163564920425414,0.1101318359375,0.5139636993408203,1.2533787690103053,0.30044397711753845,0.0075097326,10630,-0.005527745647123083,0.2,0.9642986059188843
479.1,309,1252,1265664,40.35169881,1010,0.0001,1.0173172309994698,0.0876953125,0.4347638189792633,0.8988636918365955,0.2994794249534607,0.004512359,10640,-0.001430330067523755,0.2,0.9868667721748352
483.72,310,1255,1269760,40.536869239999994,1010,0.0001,1.0219843864440918,0.0572265625,0.5289275050163269,1.4432550549507142,0.29910680651664734,0.008845365,10650,-0.00633781973447185,0.2,0.9710400700569153
487.55,311,1258,1273856,39.22655094000001,1011,0.0001,1.0243952184915543,0.0590576171875,0.34945783019065857,0.9798045821487904,0.2992124557495117,0.004879363,10660,-0.0037340362556278705,0.2,0.982882022857666
483.49,312,1261,1277952,38.06613158999999,1012,0.0001,1.0279468268156051,0.0794921875,0.5779211521148682,1.3803803943097592,0.2983912527561188,0.008832851,10670,-0.0030594706418924033,0.2,0.9807631969451904
460.33,313,1264,1282048,37.64338183,1013,0.0001,1.033468909561634,0.044287109375,0.2631930112838745,0.9162623442709446,0.29781419038772583,0.0031232624,10680,-0.0032613275630865245,0.2,0.9844467043876648
459.36,314,1267,1286144,37.589144839999996,1014,0.0001,1.037175053358078,0.0531494140625,1.369713306427002,8.65645616054535,0.29743507504463196,0.005578366,10690,-0.003761722143099178,0.2,0.8583313822746277
468.88,315,1270,1290240,35.672278260000006,1015,0.0001,1.0387506365776062,0.056201171875,0.8546773791313171,2.6914320200681687,0.2975010573863983,0.0057965918,10700,-0.0009434671606868506,0.2,0.9131882786750793
477.69,316,1273,1294336,35.09192164,1016,0.0001,1.038686391711235,0.0540283203125,0.5620144605636597,1.5047240108251572,0.2979015111923218,0.0068206503,10710,-0.002976679865969345,0.2,0.9673080444335938
465.21,317,1276,1298432,39.08611784,1016,0.0001,1.0378275513648987,0.0588623046875,0.5323503017425537,1.5196207605302334,0.297838419675827,0.0056606024,10720,-0.002104100424912758,0.2,0.9678025841712952
473.07,318,1227,1302528,39.516330659999994,1060,0.0001,1.037862204015255,0.0303466796875,0.5005934238433838,2.0625739492475987,0.2979857921600342,0.0035098405,10730,-0.003133711039845366,0.2,0.858333945274353
467.69,319,1230,1306624,39.39854466,1061,0.0001,1.036840197443962,0.04296875,0.3565310537815094,0.7446985021233559,0.2993764281272888,0.004837962,10740,-0.0038871883967658504,0.2,0.9699838161468506
466.79,320,1233,1310720,39.234589019999994,1062,0.0001,1.0328470289707183,0.0403076171875,0.8594481945037842,2.4691735744476317,0.2999953329563141,0.004650958,10750,-0.002681577515613753,0.2,0.9645929336547852
482.56,321,1236,1314816,39.114874990000004,1063,0.0001,1.030481007695198,0.0724609375,0.6401528716087341,1.5208265319466592,0.29945656657218933,0.0072635924,10760,-0.006325276120333001,0.2,0.9877631068229675
484.54,322,1239,1318912,38.82408359,1064,0.0001,1.0295927435159684,0.0615234375,0.3311869204044342,0.7819368071854115,0.3000340163707733,0.007274843,10770,-0.0019045801687752827,0.2,0.9936793446540833
489.09,323,1241,1323008,37.490271930000006,1065,0.0001,1.0293286249041558,0.0687255859375,0.555448055267334,1.5744419530034066,0.29959961771965027,0.0054401495,10780,-0.003967381871188991,0.2,0.9858982563018799
501.53,324,1244,1327104,38.11149092,1066,0.0001,1.029776008427143,0.0794921875,0.5891109704971313,1.6243623904883862,0.30054640769958496,0.004237776,10790,-0.004359486466273666,0.2,0.9421202540397644
509.2,325,1247,1331200,39.04823046,1066,0.0001,1.0257495477795602,0.06279296875,0.36993032693862915,0.7799536809325218,0.3016603887081146,0.009462256,10800,-0.003904436665470712,0.2,0.9803339838981628
519.86,326,1250,1335296,40.10657244000001,1067,0.0001,1.0273380428552628,0.068212890625,0.8907603025436401,1.7905216433107853,0.3019546568393707,0.009428335,10810,-0.002923248946899548,0.2,0.931606650352478
517.21,327,1253,1339392,40.325716709999995,1068,0.0001,1.0303554028272628,0.06611328125,0.5333435535430908,1.1848780170083046,0.3019966185092926,0.0075466577,10820,-0.00286733663524501,0.2,0.9531288146972656
503.4,328,1256,1343488,41.95172944,1069,0.0001,1.0295897006988526,0.0497802734375,0.4795564115047455,1.2896294921636582,0.3024446666240692,0.0041242894,10830,-0.0028831304953200743,0.2,0.9524261951446533
500.62,329,1259,1347584,41.157744199999996,1070,0.0001,1.0279345408082008,0.07265625,0.47733157873153687,1.2740276999771596,0.3031999468803406,0.0059426506,10840,-0.0023979869089089333,0.2,0.9649388790130615
494.51,330,1262,1351680,39.81816679,1070,0.0001,1.0254559800028802,0.0537841796875,0.6783991456031799,1.7306007102131844,0.3033256530761719,0.005367889,10850,-0.004729750857222825,0.2,0.9401621222496033
497.66,331,1264,1355776,39.91829667,1071,0.0001,1.024260477721691,0.0341064453125,7.739956378936768,7.967788125574589,0.3031936287879944,0.005192578,10860,-0.0022075668603065424,0.2,0.7453498244285583
473.77,332,1267,1359872,41.00357987,1072,0.0001,1.0251550748944283,0.04619140625,0.5334551334381104,1.5262973114848137,0.3032212555408478,0.004022384,10870,-0.0018192022631410508,0.2,0.9270970225334167
471.21,333,1270,1363968,41.53536811,1073,0.0001,1.0291297167539597,0.07548828125,0.4335576891899109,0.8122846871614456,0.30290892720222473,0.006808567,10880,-0.0023130947694880886,0.2,0.9715768098831177
445.65,334,1273,1368064,44.18526443,1074,0.0001,1.0333095803856849,0.0556640625,0.40573808550834656,0.9589939974248409,0.3021019697189331,0.0044552125,10890,-0.004526077592163347,0.2,0.959658682346344
431.64,335,1276,1372160,42.675207189999995,1075,0.0001,1.0352306053042413,0.07353515625,0.58109050989151,1.963229727745056,0.3020187020301819,0.014610361,10900,-0.0026154113991651686,0.2,0.932396411895752
437.87,336,1279,1376256,41.99390571,1075,0.0001,1.0352793768048287,0.062255859375,0.8028819561004639,2.0274501860141756,0.3020986020565033,0.005054805,10910,-0.005311156471725554,0.2,0.9575296640396118
441.3,337,1281,1380352,40.410584060000005,1076,0.0001,1.035280430316925,0.0511962890625,0.4144376814365387,1.3427282668650151,0.30110305547714233,0.004299038,10920,-0.0010635981539962812,0.2,0.984563410282135
444.66,338,1284,1384448,40.77454865,1077,0.0001,1.0399747431278228,0.080224609375,0.7217447757720947,2.0234313368797303,0.3002876341342926,0.003644393,10930,-0.0028261366562219335,0.2,0.9533519148826599
438.11,339,1287,1388544,41.09789071,1078,0.0001,1.0425702303647995,0.15126953125,0.5176647901535034,1.3068865597248078,0.3007945716381073,0.007509093,10940,0.0016106509589008055,0.2,0.9568490982055664
436.47,340,1290,1392640,40.79428799,1079,0.0001,1.0406116500496865,0.083251953125,0.7074283361434937,1.4578643947839738,0.3005390167236328,0.0073928344,10950,-0.0029843756521586327,0.2,0.963738739490509
440.69,341,1292,1396736,40.777504789999995,1080,0.0001,1.040313895046711,0.03603515625,0.831586480140686,2.318014086782932,0.30027928948402405,0.006646025,10960,-0.004022485317545943,0.2,0.9271295666694641
441.72,342,1246,1400832,40.15436546,1124,0.0001,1.039736270904541,0.0603271484375,0.9418874979019165,2.285821208357811,0.3006827235221863,0.0068367277,10970,-0.006529168946144637,0.2,0.9716918468475342
463.07,343,1248,1404928,37.63737123,1125,0.0001,1.0365610495209694,0.08994140625,0.6540970802307129,2.219246642291546,0.3013720214366913,0.008276613,10980,-0.001672908004547935,0.2,0.971252977848053
467.35,344,1251,1409024,37.77866641,1125,0.0001,1.0369442045688628,0.0709228515625,0.3962012827396393,1.0884718768298627,0.30137598514556885,0.007597707,10990,-0.003282076126197353,0.2,0.9839457869529724
472.15,345,1254,1413120,36.87030126,1126,0.0001,1.0383227556943893,0.052880859375,0.3999362587928772,1.3180957764387131,0.3017701804637909,0.007658661,11000,-0.006477041597827337,0.2,0.944627583026886
473.44,346,1256,1417216,38.17009735999999,1127,0.0001,1.04120382219553,0.0923583984375,0.6209644675254822,2.953365260362625,0.30123409628868103,0.010795225,11010,-0.0017041491053532809,0.2,0.9168559312820435
475.97,347,1259,1421312,38.59319313,1128,0.0001,1.0432733118534088,0.1032470703125,0.7232962250709534,1.8232524909079075,0.3018198609352112,0.0037789147,11020,-0.0004321408603573218,0.2,0.896123468875885
474.93,348,1262,1425408,41.21540216,1129,0.0001,1.040719525516033,0.056884765625,0.21169421076774597,0.506073085218668,0.302613765001297,0.0061476706,11030,-0.0038260272121988237,0.2,0.9683461785316467
469.31,349,1265,1429504,41.27658239,1130,0.0001,1.0425424054265022,0.1078125,0.23888330161571503,0.5776366829872132,0.3014850616455078,0.004781469,11040,-0.0011223860317841172,0.2,0.9714770317077637
454.16,350,1267,1433600,41.31784380999999,1130,0.0001,1.0465385243296623,0.08271484375,0.3390917479991913,0.8245897784829139,0.30205023288726807,0.0056819594,11050,-0.005508524086326361,0.2,0.973527729511261
454.98,351,1270,1437696,41.78775557000001,1131,0.0001,1.0465198472142219,0.0468017578125,0.3228708505630493,0.7453822329640388,0.30164265632629395,0.006527691,11060,-0.0026265997512382455,0.2,0.9664238691329956
451.25,352,1273,1441792,42.73854116,1132,0.0001,1.0493095591664314,0.04755859375,0.35149314999580383,1.2845552198588848,0.30177628993988037,0.0043276427,11070,-0.0033987632676144132,0.2,0.9531164765357971
446.6,353,1275,1445888,42.555237209999994,1133,0.0001,1.0463065832853318,0.0760986328125,0.38419872522354126,0.968430544435978,0.3026377856731415,0.0065698484,11080,-0.0044753901340300216,0.2,0.964175820350647
434.09,354,1278,1449984,45.09134426,1134,0.0001,1.04382531195879,0.0567626953125,0.5400382876396179,1.8639050140976905,0.3023345172405243,0.009849109,11090,-0.0030523946101311595,0.2,0.919374406337738
428.93,355,1280,1454080,45.17874585000001,1135,0.0001,1.044644258916378,0.0595703125,0.3535286784172058,0.8506792493164539,0.30305802822113037,0.009977279,11100,-0.004974833765299991,0.2,0.9708503484725952
438.28,356,1283,1458176,46.0618108,1136,0.0001,1.047380194067955,0.111083984375,0.20155122876167297,0.5005852647125721,0.3024607300758362,0.0066980897,11110,-0.00017752768326317891,0.2,0.9776704907417297
435.75,357,1286,1462272,45.97349486,1136,0.0001,1.0504574418067931,0.0701171875,0.26595988869667053,0.6946772787719965,0.3024924397468567,0.009094719,11120,-0.003649379257694818,0.2,0.9703053832054138
432.92,358,1288,1466368,44.67146768,1137,0.0001,1.0532218486070632,0.0603515625,0.2139158695936203,0.48573789931833744,0.3019571006298065,0.0047773346,11130,-0.002372233022470027,0.2,0.975742518901825
433.59,359,1291,1470464,44.2196083,1138,0.0001,1.055634930729866,0.058935546875,0.7644796967506409,8.808757723867894,0.3018122911453247,0.0073250467,11140,0.005435226674308069,0.2,0.761542022228241
431.39,360,1294,1474560,44.03080814,1139,0.0001,1.0568174570798874,0.0439453125,0.4424043297767639,1.4236837312579156,0.30190959572792053,0.0050534056,11150,-0.0017350078443996609,0.2,0.9271420240402222
442.84,361,1296,1478656,44.29189026000001,1140,0.0001,1.0570522755384446,0.082861328125,0.8628721237182617,2.495286764204502,0.3017577528953552,0.0070377905,11160,-0.006379958828620147,0.2,0.9081000685691833
466.22,362,1299,1482752,43.526208530000005,1141,0.0001,1.0568222656846047,0.073046875,2.2836334705352783,3.9827804058790206,0.3019813895225525,0.006248651,11170,-0.003216829620942008,0.2,0.8877863883972168
470.93,363,1302,1486848,43.79636858999999,1141,0.0001,1.0591309502720834,0.0406494140625,0.5937118530273438,1.41516527608037,0.30121922492980957,0.0047476557,11180,-0.004328601733141113,0.2,0.9604711532592773
478.48,364,1304,1490944,44.228329489999986,1142,0.0001,1.0619745537638665,0.0642822265625,0.5463415384292603,1.7054476335644722,0.30174410343170166,0.011944233,11190,-0.0029840168848750182,0.2,0.9219302535057068
488.57,365,1307,1495040,45.198337710000004,1143,0.0001,1.0603628367185594,0.0907470703125,0.25180160999298096,0.7886774312704802,0.3019276261329651,0.008999065,11200,-0.0010998395358910785,0.2,0.9735819101333618
487.63,366,1309,1499136,44.89549081,1144,0.0001,1.0608142390847206,0.07197265625,0.47873497009277344,1.1824800387024879,0.301480233669281,0.00582256,11210,-0.0037551723507931456,0.2,0.9694212079048157
503.73,367,1264,1503232,42.80128570000001,1189,0.0001,1.0625696316361428,0.0472412109375,0.7520543336868286,2.443607936799526,0.30108019709587097,0.0062396554,11220,-0.004250247325398959,0.2,0.9688796997070312
516.38,368,1266,1507328,40.00284456,1190,0.0001,1.063024213910103,0.0592529296875,0.5761269330978394,1.4497751735150815,0.3010144531726837,0.003808979,11230,-0.003960329169058241,0.2,0.9825012683868408
512.35,369,1268,1511424,39.44065307,1191,0.0001,1.066141387820244,0.07041015625,0.4330788850784302,1.1303034856915475,0.30083906650543213,0.006802762,11240,-0.0046256046713097024,0.2,0.983680784702301
515.06,370,1271,1515520,38.25344415000001,1191,0.0001,1.0666307762265206,0.0525146484375,1.2993742227554321,3.260621663928032,0.3004858195781708,0.004971345,11250,-0.005244710319675505,0.2,0.9242310523986816
532.95,371,1274,1519616,38.13736277,1192,0.0001,1.0676057994365693,0.0539794921875,0.5615729093551636,1.4068182565271854,0.3014186918735504,0.0067193746,11260,-0.004557439012569375,0.2,0.9705256819725037
531.57,372,1276,1523712,36.295710830000004,1193,0.0001,1.0687923669815063,0.0454345703125,1.2177414894104004,2.752539725601673,0.30141329765319824,0.005238866,11270,-0.0028090898675145583,0.2,0.9598756432533264
554.39,373,1279,1527808,32.92547135,1194,0.0001,1.06898982077837,0.0747314453125,0.9811995625495911,2.760661372542381,0.30116716027259827,0.007176494,11280,-0.0058255445037502795,0.2,0.9600756168365479
546.94,374,1281,1531904,31.944458020000003,1195,0.0001,1.0712718948721887,0.049267578125,0.5776302218437195,1.3709562592208386,0.30004239082336426,0.007337004,11290,-0.003856791477301158,0.2,0.9792498350143433
567.23,375,1284,1536000,26.960448870000004,1196,0.0001,1.0762517109513283,0.0480712890625,2.918199062347412,9.10196869522333,0.29960212111473083,0.0053534945,11300,-0.005600250803399831,0.2,0.9418513774871826
548.96,376,1286,1540096,27.24469676,1196,0.0001,1.0766579419374467,0.0713623046875,0.5667434334754944,1.9956462293863297,0.3000805974006653,0.006361332,11310,-0.003247242869110778,0.2,0.9797504544258118
562.54,377,1289,1544192,26.206471889999992,1197,0.0001,1.0751403093338012,0.075390625,0.6784984469413757,1.7461925730109216,0.3008888363838196,0.012042397,11320,-0.003248139363131486,0.2,0.953162670135498
562.58,378,1291,1548288,24.95626631,1198,0.0001,1.074620957672596,0.04404296875,0.8280884623527527,2.3275431513786318,0.3014395534992218,0.00441346,11330,-0.0018798289529513568,0.2,0.9239512085914612
549.21,379,1294,1552384,25.1078741,1199,0.0001,1.0770514205098152,0.109326171875,0.893923282623291,1.4944733209908008,0.30123066902160645,0.0067169853,11340,-0.0008738691627513617,0.2,0.9506459832191467
544.84,380,1296,1556480,25.643366220000004,1200,0.0001,1.0776545956730843,0.0613525390625,0.602672815322876,1.6545588761568069,0.30160680413246155,0.004389658,11350,-0.002042854369210545,0.2,0.9445106387138367
524.79,381,1299,1560576,30.199729979999997,1201,0.0001,1.0772080555558206,0.0489013671875,0.8914573192596436,1.9855426892638206,0.3018818795681,0.005203804,11360,-0.003214103970094584,0.2,0.9490007162094116
516.45,382,1301,1564672,30.99277075,1202,0.0001,1.0804536163806915,0.0748291015625,0.41177159547805786,0.9548759296536445,0.3002969026565552,0.015870044,11370,-0.0028220661071827633,0.2,0.9585791826248169
499.31,383,1303,1568768,32.07889787,1203,0.0001,1.083825881779194,0.0629150390625,0.6326029300689697,1.3845939062535764,0.2999041974544525,0.010084141,11380,-0.003821942606009543,0.2,0.9497945308685303
492.61,384,1306,1572864,34.61915872,1203,0.0001,1.0830388695001603,0.0692626953125,0.37396499514579773,1.2689048558473588,0.29990148544311523,0.004251782,11390,-0.0001791936723748222,0.2,0.9607841968536377
486.02,385,1308,1576960,36.83027145,1204,0.0001,1.0826847180724144,0.0520751953125,0.2773014008998871,0.6830568440258503,0.3004612624645233,0.0055019623,11400,-0.004830988838511985,0.2,0.9512904286384583
501.79,386,1311,1581056,37.817361420000005,1205,0.0001,1.0810334727168083,0.0768310546875,0.45645368099212646,1.789796306937933,0.30079904198646545,0.0058813505,11410,-0.003124543129524682,0.2,0.8890851736068726
483.33,387,1313,1585152,42.89466923,1206,0.0001,1.0780273154377937,0.085205078125,1.0095760822296143,3.0297973453998566,0.30124229192733765,0.007461344,11420,-0.0018358335481025278,0.2,0.9026755690574646
488.38,388,1316,1589248,42.415497910000006,1207,0.0001,1.0746138632297515,0.040234375,0.6429566740989685,1.7743002235889436,0.3018747568130493,0.0060819355,11430,-0.0031975782243534923,0.2,0.933997631072998
477.2,389,1318,1593344,42.831904430000016,1208,0.0001,1.0712022677063942,0.05576171875,1.0054081678390503,2.7963527858257295,0.3014930486679077,0.0065162503,11440,-0.00425790814042557,0.2,0.907837450504303
498.74,390,1321,1597440,42.536734450000004,1208,0.0001,1.0758063539862632,0.0798583984375,0.5067815184593201,1.3598833538591861,0.3012136220932007,0.013728528,11450,-0.004424436355475336,0.2,0.9677440524101257
493.37,391,1277,1601536,42.08889008999999,1254,0.0001,1.0781035840511322,0.057373046875,0.7806450128555298,1.66568583548069,0.30157437920570374,0.0044771307,11460,-0.005711743692518212,0.2,0.9370157718658447
497.43,392,1279,1605632,41.19560372,1254,0.0001,1.0779582306742668,0.0560546875,0.5941306352615356,1.943296030163765,0.3018508553504944,0.0061101606,11470,-0.0033187522931257263,0.2,0.9398415088653564
503.99,393,1281,1609728,41.37527075999999,1255,0.0001,1.0760386124253274,0.0709716796875,0.6388323903083801,2.077753932774067,0.3019438087940216,0.0072205793,11480,-0.003470580882276408,0.2,0.9563289284706116
508.09,394,1284,1613824,41.071488339999995,1256,0.0001,1.0742568746209145,0.07978515625,0.49765732884407043,1.2869840800762176,0.302532434463501,0.0036067571,11490,-0.0011693491775076835,0.2,0.9443138837814331
512.67,395,1286,1617920,41.08411493,1257,0.0001,1.0713105544447898,0.0958984375,0.39934247732162476,0.8907088480889798,0.30276086926460266,0.0066454224,11500,0.00012142516497988254,0.2,0.9516223669052124
520.5,396,1289,1622016,41.13010963,1258,0.0001,1.0705641880631447,0.0708251953125,0.7668259739875793,2.538885560631752,0.3020780384540558,0.0036920612,11510,-0.00425721904321108,0.2,0.9005335569381714
519.92,397,1291,1626112,39.825488289999996,1259,0.0001,1.0704484060406685,0.056201171875,0.7918319702148438,2.424607481062412,0.30127426981925964,0.006614495,11520,-0.004184072630596347,0.2,0.9649879932403564
523.87,398,1293,1630208,38.81151869,1259,0.0001,1.0738355785608291,0.056982421875,0.6525460481643677,1.7166729331016541,0.30174344778060913,0.009248825,11530,-0.004899807620677166,0.2,0.9707077145576477
511.42,399,1296,1634304,38.606572539999995,1260,0.0001,1.0754356786608696,0.0717529296875,0.33563992381095886,0.9032632544636726,0.30158576369285583,0.009459419,11540,-0.001889030401071068,0.2,0.9512559771537781
505.63,400,1298,1638400,39.79436971,1261,0.0001,1.0770332142710686,0.096044921875,0.6947739124298096,1.4223446980118752,0.30165064334869385,0.0053382544,11550,-0.0036651052432716824,0.2,0.9465806484222412
480.81,401,1300,1642496,40.83999327000001,1262,0.0001,1.0767040222883224,0.0609375,0.48162180185317993,1.2550647281110288,0.3018004596233368,0.006312142,11560,-0.003810782502114307,0.2,0.9506141543388367
478.98,402,1303,1646592,40.90233211999999,1263,0.0001,1.0750857293605804,0.0471923828125,0.5296498537063599,1.2007782600820065,0.30136680603027344,0.004480106,11570,-0.001874717534519732,0.2,0.9584456086158752
476.22,403,1305,1650688,41.1243187,1264,0.0001,1.074607153236866,0.069580078125,0.4444848895072937,1.1548169396817685,0.30137988924980164,0.005684522,11580,-0.0016052014485467224,0.2,0.93426913022995
470.83,404,1308,1654784,41.73283984,1265,0.0001,1.071353878080845,0.0491455078125,2.728339910507202,8.692665663361549,0.30220189690589905,0.0055132443,11590,-0.0054236572585068645,0.2,0.7805335521697998
470.38,405,1310,1658880,41.83448703,1265,0.0001,1.0692119315266608,0.048486328125,0.7117361426353455,1.4622825883328914,0.3022898733615875,0.0034224435,11600,-0.003610542450041976,0.2,0.9548807144165039
474.81,406,1312,1662976,41.93622584,1266,0.0001,1.0713872283697128,0.0517578125,0.4486789405345917,0.9828966826200485,0.30229777097702026,0.004749094,11610,-0.001099110052746255,0.2,0.9612284302711487
470.31,407,1315,1667072,42.35452471000001,1267,0.0001,1.070351319015026,0.0584228515625,0.6082688570022583,1.474625500291586,0.30338847637176514,0.008921395,11620,-0.006393707147799433,0.2,0.9497647285461426
457.79,408,1317,1671168,43.36231263,1268,0.0001,1.0670314878225327,0.046875,0.397925466299057,1.0681275837123394,0.3044692873954773,0.0050496967,11630,-0.0045666782258194875,0.2,0.9543241858482361
445.78,409,1319,1675264,43.56893776999999,1269,0.0001,1.0658586770296097,0.0489013671875,0.5994822978973389,2.024321177601814,0.30423933267593384,0.0060533322,11640,-0.0023852509504649786,0.2,0.8946244716644287
445.66,410,1322,1679360,43.08665768,1270,0.0001,1.0676222786307334,0.055419921875,0.4573597311973572,1.2753262907266616,0.30388349294662476,0.007001276,11650,-0.004123359377263114,0.2,0.9504407048225403
440.97,411,1324,1683456,42.554506860000004,1271,0.0001,1.0674755215644836,0.053369140625,0.4583761990070343,1.046571461111307,0.3039267361164093,0.0067488546,11660,-0.004854306858032942,0.2,0.9662911295890808
438.57,412,1326,1687552,42.77820312,1272,0.0001,1.0678602501749992,0.093359375,0.5010912418365479,1.2762034565210343,0.3043603301048279,0.006432269,11670,-0.0028673284788965246,0.2,0.9635211825370789
437.62,413,1328,1691648,42.77687720000001,1273,0.0001,1.066989505290985,0.068408203125,0.5649684071540833,1.6511926651000977,0.3047047555446625,0.0047561177,11680,-0.002816661144606769,0.2,0.9447193741798401
445.51,414,1331,1695744,43.22852758,1273,0.0001,1.0677116528153419,0.058935546875,0.9941619634628296,3.007723255455494,0.3048752546310425,0.009253013,11690,-0.003918670018902048,0.2,0.9260776042938232
449.71,415,1333,1699840,42.46719858,1274,0.0001,1.0672637671232224,0.059521484375,0.6167500019073486,1.3153515815734864,0.30481502413749695,0.006273759,11700,-0.00493117400619667,0.2,0.9573962688446045
456.72,416,1288,1703936,42.61523136000001,1322,0.0001,1.0659047216176987,0.0507080078125,0.47490939497947693,1.159947745501995,0.3049621284008026,0.0058757477,11710,-0.002222242610878311,0.2,0.9580254554748535
463.85,417,1291,1708032,41.841795940000004,1323,0.0001,1.065821112692356,0.035888671875,0.4329599440097809,1.138716810941696,0.30587247014045715,0.0033366836,11720,-0.0014212127338396386,0.2,0.9585580229759216
462.09,418,1293,1712128,41.869917130000005,1323,0.0001,1.062982238829136,0.072314453125,0.612912118434906,1.752785363793373,0.3064040541648865,0.0053125657,11730,-0.001501785723667126,0.2,0.9460949897766113
477.93,419,1295,1716224,41.05707356,1324,0.0001,1.0630438715219497,0.0600341796875,0.734407365322113,2.1593909859657288,0.306098610162735,0.005799063,11740,-0.0030760903435293587,0.2,0.9051162600517273
480.29,420,1297,1720320,41.01565074,1325,0.0001,1.0674573302268981,0.1076904296875,0.8791590332984924,2.028242602944374,0.3052695691585541,0.0092941,11750,-0.0054342830582754685,0.2,0.9368977546691895
488.69,421,1300,1724416,40.30818505,1326,0.0001,1.0698220998048782,0.08076171875,1.1087522506713867,2.9098378002643583,0.3053775727748871,0.0054417634,11760,-0.002205758198397234,0.2,0.9197582006454468
507.92,422,1302,1728512,39.696557979999994,1327,0.0001,1.0718886062502861,0.052587890625,0.5214861631393433,1.2468970462679863,0.3052065074443817,0.007169675,11770,-0.0038876449136296285,0.2,0.9565229415893555
515.49,423,1304,1732608,40.00403914,1328,0.0001,1.0728457376360894,0.0599609375,0.9019476175308228,2.5680718913674356,0.3049793541431427,0.0071947193,11780,-0.0027985064218228215,0.2,0.8903859257698059
529.73,424,1306,1736704,39.64097521,1328,0.0001,1.071700966358185,0.0716064453125,0.8073447346687317,2.063360424339771,0.30461224913597107,0.0050842175,11790,-0.0023853631733800284,0.2,0.8985804319381714
539.15,425,1309,1740800,40.209160489999995,1329,0.0001,1.0752814427018165,0.0358154296875,0.5497844219207764,1.7841213330626489,0.3038930892944336,0.0054282183,11800,-0.002659356646472588,0.2,0.9290171265602112
554.79,426,1311,1744896,38.50667699,1330,0.0001,1.0779162153601647,0.0712158203125,0.6878877878189087,2.4366922467947005,0.3038786053657532,0.008228204,11810,-0.001352252927608788,0.2,0.8955861926078796
540.46,427,1313,1748992,38.96927701,1331,0.0001,1.079428207874298,0.058642578125,0.37139514088630676,1.043838231265545,0.3035062253475189,0.007468274,11820,-0.004786915048316587,0.2,0.9688982963562012
536.28,428,1315,1753088,39.02496814,1332,0.0001,1.0830404534935951,0.0625732421875,1.066403865814209,2.420690956711769,0.30256590247154236,0.005243893,11830,-0.0037193840427789835,0.2,0.9139360189437866
541.43,429,1317,1757184,36.138361200000006,1333,0.0001,1.0846461623907089,0.0470947265625,0.7070672512054443,2.0196500167250635,0.30251258611679077,0.0061651487,11840,-0.0040706660103751345,0.2,0.9219421148300171
530.75,430,1319,1761280,37.04656737,1334,0.0001,1.08033729493618,0.0540283203125,5.070940017700195,7.297803382575512,0.3033575415611267,0.0069742473,11850,-0.004047877687844448,0.2,0.809659481048584
526.86,431,1322,1765376,36.82528955,1335,0.0001,1.076826921105385,0.0687255859375,0.43861860036849976,1.30195382386446,0.3029000163078308,0.008417966,11860,-0.0028085751007893124,0.2,0.9536061882972717
519.87,432,1324,1769472,36.60428489,1336,0.0001,1.0800693839788438,0.0741455078125,0.896273672580719,2.539047348499298,0.3027661144733429,0.011819222,11870,-0.0009877645803499035,0.2,0.9195892214775085
512.19,433,1326,1773568,38.14914055,1336,0.0001,1.0809157222509385,0.062939453125,0.6976431608200073,1.682781857997179,0.3028394281864166,0.008820193,11880,-0.004294859172659926,0.2,0.9514031410217285
506.09,434,1328,1777664,38.30830922999999,1337,0.0001,1.078748808801174,0.0464599609375,0.4216649532318115,1.0296528026461602,0.3033936321735382,0.008031248,11890,-0.0032479346147738395,0.2,0.9528183341026306
504.55,435,1331,1781760,37.53814181999999,1338,0.0001,1.0753866717219354,0.1093017578125,1.8639445304870605,3.8574206441640855,0.30397742986679077,0.0110922875,11900,4.1379345930181444e-05,0.2,0.9139891266822815
520.23,436,1333,1785856,37.27335993,1339,0.0001,1.073185695707798,0.0568359375,0.4971117079257965,1.6743053883314132,0.30307841300964355,0.0077731316,11910,-0.0038330204697558656,0.2,0.9656365513801575
502.57,437,1335,1789952,37.426849149999995,1340,0.0001,1.072525145113468,0.073291015625,0.7100837230682373,1.9645587787032128,0.3035759925842285,0.007210565,11920,-0.0018536035233410076,0.2,0.9527434706687927
491.01,438,1337,1794048,38.79268682,1341,0.0001,1.0723661482334137,0.054248046875,0.42855724692344666,0.9574757196009159,0.30374518036842346,0.013507444,11930,-0.0017450714425649495,0.2,0.9202498197555542
495.9,439,1339,1798144,38.30237963,1341,0.0001,1.0752086386084556,0.07392578125,0.5107050538063049,1.322112676501274,0.30345624685287476,0.006549335,11940,-0.001789138760068454,0.2,0.9373979568481445
489.4,440,1296,1802240,36.57615299,1389,0.0001,1.0758858740329742,0.062158203125,0.7579699158668518,2.6418970629572867,0.3041474521160126,0.009784868,11950,-0.0036646524124080313,0.2,0.9302868247032166
494.49,441,1299,1806336,36.43954259,1390,0.0001,1.0746930360794067,0.0890380859375,0.9607982039451599,3.119972912967205,0.30412495136260986,0.0076762484,11960,-0.0030277609403128736,0.2,0.9646302461624146
504.19,442,1301,1810432,37.66835344,1391,0.0001,1.075485411286354,0.03447265625,0.513203501701355,1.4105495169758797,0.30497169494628906,0.005911639,11970,-0.0033707964612403885,0.2,0.9841852188110352
516.65,443,1303,1814528,37.24190730999999,1392,0.0001,1.0740228608250617,0.0453857421875,0.29495736956596375,1.0382382698357104,0.30514878034591675,0.0036926833,11980,-0.0032171706610824914,0.2,0.9422027468681335
511.63,444,1305,1818624,37.832930000000005,1392,0.0001,1.0703203916549682,0.0578369140625,0.5491690635681152,1.2045165069401265,0.30615538358688354,0.005473749,11990,-0.0028706922981655224,0.2,0.9580751061439514
506.15,445,1307,1822720,38.53570423,1393,0.0001,1.0692011043429375,0.0526123046875,1.0454047918319702,2.8540397942066194,0.3062170445919037,0.00756515,12000,-0.00405217209336115,0.2,0.9126891493797302
506.26,446,1309,1826816,38.30323256,1394,0.0001,1.072912572324276,0.095458984375,0.7635219693183899,2.504823525249958,0.30586719512939453,0.008564182,12010,-0.0009643391269491986,0.2,0.9050235152244568
505.25,447,1311,1830912,39.01889713,1395,0.0001,1.0776745110750199,0.044482421875,0.8563148975372314,2.5234195962548256,0.3059457242488861,0.005605609,12020,-0.0023429326189216225,0.2,0.9453649520874023
500.78,448,1313,1835008,37.18232239,1396,0.0001,1.0775567680597304,0.0539306640625,0.47138258814811707,1.338651428371668,0.3057047724723816,0.005353898,12030,-0.0045004921295912935,0.2,0.9766738414764404
510.09,449,1315,1839104,36.162198370000006,1397,0.0001,1.0749119251966477,0.099658203125,0.48000138998031616,1.210512112081051,0.3064784109592438,0.009784402,12040,-0.002981327087036334,0.2,0.9785144925117493
506.99,450,1317,1843200,35.65197414,1398,0.0001,1.0724023267626763,0.087451171875,0.6549644470214844,1.3430376827716828,0.3058514893054962,0.004137612,12050,-0.00011352886795066298,0.2,0.9646626710891724
506.14,451,1319,1847296,35.51384528,1399,0.0001,1.0716721430420875,0.0779052734375,0.7433682084083557,2.228597213327885,0.3064004182815552,0.004440704,12060,-0.0011649729014607147,0.2,0.901608407497406
510.39,452,1322,1851392,35.784166799999994,1400,0.0001,1.0696864664554595,0.0935302734375,0.5649377107620239,1.2601222656667233,0.30602172017097473,0.0061605955,12070,-0.003684422116202768,0.2,0.9620476961135864
512.06,453,1324,1855488,37.04981361000001,1401,0.0001,1.069922524690628,0.08173828125,0.6301852464675903,1.3772469885647296,0.3068225681781769,0.006370981,12080,-0.0016903590978472494,0.2,0.9202162623405457
506.73,454,1326,1859584,37.642760349999996,1402,0.0001,1.0673558965325356,0.0774658203125,0.8759229183197021,1.6991076946258545,0.3073103427886963,0.009009099,12090,-0.0051783218659693375,0.2,0.9358707070350647
515.14,455,1328,1863680,36.344606129999995,1402,0.0001,1.0667825683951377,0.0849365234375,1.2444126605987549,3.235239177942276,0.3071293234825134,0.010688685,12100,-0.00496213700826047,0.2,0.891950249671936
520.16,456,1330,1867776,36.59572228,1403,0.0001,1.070021577179432,0.0621337890625,0.5024656057357788,1.598132488131523,0.30625462532043457,0.009219334,12110,-0.0030642076104413717,0.2,0.9532867670059204
519.11,457,1332,1871872,35.941904740000005,1404,0.0001,1.0743728145956992,0.0512451171875,0.5516944527626038,1.3662189789116383,0.30593687295913696,0.004956734,12120,-0.0034646359767066316,0.2,0.9471003413200378
524.63,458,1334,1875968,33.461692279999994,1405,0.0001,1.0772169888019563,0.035009765625,0.637043833732605,2.17515150308609,0.3057124614715576,0.0057497015,12130,-0.0030493203812511638,0.2,0.9628255367279053
522.5,459,1336,1880064,30.830001139999993,1406,0.0001,1.0775084480643273,0.0644287109375,0.6074379086494446,1.5142601035535335,0.3059752583503723,0.005143738,12140,-0.0038890728988917544,0.2,0.9757993817329407
512.04,460,1338,1884160,34.77342619,1407,0.0001,1.0762111783027648,0.093115234375,1.3291856050491333,2.883817954361439,0.30558693408966064,0.013625413,12150,-0.0009977453242754563,0.2,0.9579545855522156
503.89,461,1340,1888256,35.0814587,1408,0.0001,1.0771753028035165,0.038818359375,0.3638454079627991,1.1967567525804044,0.30542123317718506,0.004772826,12160,-0.002504159082309343,0.2,0.9763979911804199
505.34,462,1342,1892352,34.55573731999999,1409,0.0001,1.0742279961705208,0.0541748046875,0.6034987568855286,1.4676161117851734,0.3064059019088745,0.0052323705,12170,-0.004218553780810907,0.2,0.9821737408638
517.26,463,1344,1896448,33.72803876,1410,0.0001,1.0722754329442978,0.0778076171875,0.6068356037139893,1.5755077868700027,0.3065331280231476,0.0085114725,12180,-0.005262019409565255,0.2,0.9623445272445679
526.42,464,1305,1900544,34.03431632,1455,0.0001,1.074436178803444,0.0864013671875,0.5096677541732788,1.433457463979721,0.3067209720611572,0.013357857,12190,-0.0026953622698783876,0.2,0.9381325840950012
508.77,465,1308,1904640,33.35316324,1456,0.0001,1.0745707005262375,0.0994140625,0.9448927044868469,3.2115025728940965,0.30641815066337585,0.012453785,12200,-0.0005915175774134695,0.2,0.9022631645202637
512.05,466,1310,1908736,35.2401999,1456,0.0001,1.0740917086601258,0.0575927734375,1.486470103263855,6.277511034160852,0.30686578154563904,0.0040190783,12210,-0.002676493936451152,0.2,0.7971989512443542
484.53,467,1312,1912832,36.81893425999999,1457,0.0001,1.073119303584099,0.0902099609375,0.4824848473072052,1.0088720858097076,0.30706220865249634,0.01583623,12220,-0.002178828144678846,0.2,0.9661056995391846
475.69,468,1314,1916928,36.651665120000004,1458,0.0001,1.073732466995716,0.05,0.4501192569732666,1.2273129627108574,0.30700168013572693,0.0061755143,12230,-0.0022503895685076713,0.2,0.9466379880905151
469.32,469,1316,1921024,39.54539598,1459,0.0001,1.0739459559321403,0.0836669921875,0.6455265283584595,1.9336863189935685,0.30807554721832275,0.006030822,12240,-0.0014490608300548047,0.2,0.9645675420761108
477.81,470,1318,1925120,37.57613507,1460,0.0001,1.0747585415840148,0.068505859375,0.5005092620849609,1.9308799877762794,0.3078690469264984,0.004716953,12250,-0.002014901756774634,0.2,0.9727242588996887
480.73,471,1320,1929216,39.77995123,1461,0.0001,1.0765704318881035,0.0488037109375,0.6026329398155212,2.366637110710144,0.3083048462867737,0.004608712,12260,-0.0024726216957787982,0.2,0.9333755373954773
478.18,472,1322,1933312,39.2621468,1461,0.0001,1.0734663784503937,0.0938232421875,0.6161694526672363,1.872574046254158,0.30906960368156433,0.013401425,12270,-0.005619368396583013,0.2,0.9411349296569824
480.47,473,1324,1937408,38.85775668,1462,0.0001,1.073130439221859,0.1040283203125,0.6696308851242065,1.5073388315737248,0.3093429505825043,0.006883598,12280,-0.00024092545208986849,0.2,0.9599643349647522
464.94,474,1326,1941504,39.01837568,1463,0.0001,1.0726432412862779,0.054833984375,0.7750130891799927,2.1479835212230682,0.31026002764701843,0.004497132,12290,-0.004090710810851305,0.2,0.9426820278167725
469.37,475,1328,1945600,39.28607946,1464,0.0001,1.0708180516958237,0.091015625,0.47666260600090027,1.2526219703257084,0.31024420261383057,0.0048207883,12300,-0.0018001121643465012,0.2,0.9608653783798218
465.23,476,1330,1949696,39.69409212000001,1465,0.0001,1.07270640283823,0.0661376953125,0.49099576473236084,1.3453269980847835,0.3101736903190613,0.0047688475,12310,-0.0047606893553165715,0.2,0.9300512075424194
486.46,477,1332,1953792,40.31252921,1466,0.0001,1.0762017384171485,0.0960205078125,0.5314720869064331,1.952614663541317,0.30978912115097046,0.008500175,12320,-0.004277713195187971,0.2,0.9246200323104858
477.42,478,1334,1957888,39.352359660000005,1467,0.0001,1.0784793362021445,0.1018798828125,0.5012936592102051,1.319552629441023,0.3102377653121948,0.007735656,12330,-0.0037250044289976357,0.2,0.9727687835693359
483.26,479,1336,1961984,39.71391457,1467,0.0001,1.0799823477864265,0.06630859375,0.3762454092502594,0.9864098444581032,0.310750812292099,0.009955642,12340,-0.0025468707171967253,0.2,0.9604401588439941
493.89,480,1338,1966080,40.18504923,1468,0.0001,1.0817338794469833,0.061376953125,0.3242395520210266,0.8319880686700344,0.3112063705921173,0.005630388,12350,-0.0013764365168754012,0.2,0.9647901654243469
488.44,481,1340,1970176,39.77322754,1469,0.0001,1.0785457611083984,0.06318359375,0.5015687942504883,1.7304293043911456,0.3120120167732239,0.009027723,12360,-0.002766087293275632,0.2,0.9420760869979858
490.97,482,1342,1974272,40.54677727,1470,0.0001,1.0758636131882668,0.044970703125,0.7273260951042175,2.241561222076416,0.31309396028518677,0.004696156,12370,-0.0021857073326827956,0.2,0.913722574710846
480.53,483,1344,1978368,39.395617380000004,1471,0.0001,1.0755639672279358,0.058935546875,1.0151935815811157,2.527760122716427,0.3131326735019684,0.008491507,12380,-0.003069998702267185,0.2,0.9580992460250854
482.1,484,1346,1982464,39.03632259,1472,0.0001,1.0760544925928115,0.0986328125,7.442167282104492,9.432456478476524,0.3136492669582367,0.008330864,12390,-0.0053136015281779695,0.2,0.824503481388092
496.52,485,1348,1986560,40.109432000000005,1473,0.0001,1.0751246973872184,0.0779296875,0.4037831425666809,1.0797505483031273,0.3132339417934418,0.008404301,12400,-0.0032630138273816557,0.2,0.9730325937271118
497.82,486,1350,1990656,41.18766685999999,1473,0.0001,1.076214599609375,0.053369140625,0.44011178612709045,1.4215720035135746,0.31316670775413513,0.0067959963,12410,-0.003445967534207739,0.2,0.9490901231765747
500.23,487,1352,1994752,40.47521508,1474,0.0001,1.076094201207161,0.084716796875,0.9189714789390564,2.0724277630448342,0.313778817653656,0.0068806363,12420,-0.0023893716468592176,0.2,0.9422792792320251
503.46,488,1354,1998848,39.80855922999999,1475,0.0001,1.0739734500646592,0.0558349609375,0.5484427809715271,1.4111398227512837,0.3137928247451782,0.007263414,12430,-0.003548807097831741,0.2,0.9669467806816101
490.15,489,1317,2002944,40.090050770000005,1519,0.0001,1.0734844610095025,0.0788818359375,0.7885811924934387,1.828533224761486,0.31402695178985596,0.0053656176,12440,-0.004698329407256096,0.2,0.9345678687095642
