t,x,y,tilt_deg
0.21,-0.4218,-0.0085,0.2
0.41,-0.4217,-0.0082,0.1
0.61,-0.4215,-0.0084,0.4
0.81,-0.4213,-0.0084,0.5
1.01,-0.4211,-0.0085,0.6
1.31,-0.4211,-0.0086,0.7
1.51,-0.4173,-0.0095,0.6
1.71,-0.4163,-0.0074,1.1
2.01,-0.3977,-0.0073,0.8
2.21,-0.3995,-0.0015,2.0
2.41,-0.3835,0.0013,1.6
2.61,-0.3716,0.0058,0.9
2.81,-0.3655,0.0101,0.8
3.11,-0.3468,0.0194,0.6
3.31,-0.3352,0.0244,1.7
3.51,-0.3212,0.0378,1.5
3.71,-0.3121,0.0472,0.9
3.91,-0.3036,0.0492,1.8
4.21,-0.2871,0.0719,1.6
4.41,-0.2703,0.0811,1.6
4.71,-0.2557,0.0994,1.3
4.91,-0.2462,0.1096,0.7
5.11,-0.2362,0.1144,2.3
5.31,-0.2243,0.1345,1.4
5.51,-0.2154,0.1497,1.8
5.71,-0.2109,0.1541,3.7
5.91,-0.2095,0.1699,1.3
6.11,-0.2012,0.1884,0.7
6.31,-0.1915,0.1940,2.2
6.51,-0.1827,0.2139,0.9
6.71,-0.1761,0.2298,1.2
7.01,-0.1728,0.2367,2.3
7.21,-0.1601,0.2618,1.5
7.41,-0.1468,0.2745,1.4
7.61,-0.1411,0.2833,0.8
7.81,-0.1334,0.3046,4.0
8.11,-0.1221,0.3148,3.5
8.31,-0.1203,0.3308,1.3
8.51,-0.1131,0.3487,0.7
8.71,-0.1049,0.3550,2.5
8.91,-0.0971,0.3750,0.7
9.11,-0.0926,0.3907,0.6
9.31,-0.0860,0.3971,2.7
9.61,-0.0787,0.4251,1.6
9.81,-0.0690,0.4371,1.2
10.11,-0.0620,0.4605,0.8
10.32,-0.0586,0.4760,0.5
10.52,-0.0533,0.4827,2.6
10.81,-0.0477,0.5108,1.1
11.02,-0.0401,0.5230,0.7
11.32,-0.0328,0.5464,0.7
11.52,-0.0305,0.5591,0.7
11.72,-0.0247,0.5676,2.4
11.92,-0.0190,0.5864,1.2
12.12,-0.0149,0.5950,0.8
12.32,-0.0096,0.6087,1.5
12.52,-0.0029,0.6237,0.8
12.72,0.0017,0.6294,0.7
13.02,0.0069,0.6472,1.5
13.22,0.0185,0.6625,1.1
13.42,0.0296,0.6754,0.7
13.62,0.0328,0.6821,1.2
13.92,0.0499,0.7061,0.6
14.12,0.0622,0.7143,1.7
14.32,0.0741,0.7348,1.4
14.52,0.0814,0.7484,1.4
14.72,0.0860,0.7529,3.3
14.92,0.0891,0.7707,1.3
15.22,0.1047,0.7933,1.3
15.42,0.1041,0.7984,1.8
15.62,0.1154,0.8206,1.7
15.82,0.1259,0.8302,1.0
16.02,0.1230,0.8347,1.9
16.32,0.1376,0.8594,0.4
16.62,0.1457,0.8658,1.4
16.82,0.1553,0.8824,2.3
17.02,0.1693,0.8894,1.5
17.22,0.1747,0.8941,0.8
17.52,0.1937,0.9130,0.6
17.72,0.2036,0.9135,1.9
17.92,0.2183,0.9283,1.4
18.12,0.2303,0.9378,1.0
18.32,0.2403,0.9405,1.5
18.52,0.2563,0.9542,0.8
18.72,0.2695,0.9639,0.8
18.92,0.2874,0.9658,3.0
19.22,0.3017,0.9794,1.8
19.42,0.3219,0.9839,1.4
19.62,0.3373,0.9883,0.9
19.82,0.3446,0.9995,2.3
20.12,0.3724,1.0026,3.7
20.32,0.3860,1.0157,1.3
20.52,0.3924,1.0121,1.9
20.72,0.4141,1.0180,1.4
20.92,0.4304,1.0275,1.1
21.22,0.4569,1.0350,2.2
21.42,0.4693,1.0393,1.4
21.62,0.4783,1.0493,2.4
21.83,0.4988,1.0516,1.8
22.13,0.5199,1.0617,1.5
22.33,0.5231,1.0550,2.4
22.53,0.5475,1.0594,1.2
22.83,0.5709,1.0712,1.9
23.03,0.5930,1.0735,2.2
23.23,0.6036,1.0759,1.2
23.43,0.6128,1.0855,2.3
23.63,0.6329,1.0869,1.4
23.93,0.6562,1.0948,1.3
24.23,0.6784,1.0935,0.8
24.43,0.6940,1.0940,0.8
24.63,0.7107,1.1024,1.8
24.83,0.7337,1.1025,2.1
25.03,0.7480,1.1043,1.5
25.33,0.7595,1.1062,1.9
25.53,0.7830,1.1057,2.1
25.83,0.7991,1.1118,2.2
26.03,0.8189,1.1097,1.1
26.33,0.8415,1.1138,1.3
26.53,0.8446,1.1115,1.7
26.73,0.8692,1.1083,2.4
27.03,0.8903,1.1143,2.1
27.23,0.9099,1.1112,1.3
27.43,0.9264,1.1095,1.1
27.63,0.9385,1.1150,2.3
27.83,0.9569,1.1112,1.3
28.03,0.9743,1.1092,1.1
28.23,0.9873,1.1150,2.2
28.53,1.0134,1.1072,3.8
28.73,1.0311,1.1139,1.3
28.93,1.0329,1.1101,1.8
29.13,1.0553,1.1049,2.3
29.33,1.0735,1.1084,1.4
29.54,1.0836,1.1078,0.8
29.74,1.0999,1.1007,2.9
29.94,1.1178,1.1046,1.2
30.14,1.1281,1.1043,0.9
30.34,1.1470,1.0961,3.5
30.54,1.1678,1.1028,1.3
30.74,1.1784,1.1021,0.9
30.94,1.1978,1.0965,2.9
31.14,1.2164,1.1016,1.1
31.34,1.2222,1.0991,1.4
31.64,1.2576,1.0956,0.8
31.84,1.2723,1.1017,2.2
32.04,1.2929,1.0972,2.1
32.24,1.3094,1.0963,1.2
32.44,1.3201,1.1021,2.3
32.74,1.3481,1.0947,3.4
32.94,1.3661,1.0997,1.1
33.14,1.3657,1.0944,2.2
33.34,1.3894,1.0912,1.2
33.64,1.4123,1.0925,1.8
33.84,1.4335,1.0864,1.8
34.04,1.4459,1.0832,0.9
34.24,1.4615,1.0894,3.3
34.44,1.4755,1.0799,1.8
34.74,1.4967,1.0806,1.3
35.04,1.5207,1.0773,1.6
35.24,1.5190,1.0827,2.4
35.44,1.5414,1.0846,1.3
35.64,1.5628,1.0792,1.5
35.84,1.5747,1.0754,1.0
36.14,1.5996,1.0767,1.6
36.34,1.6087,1.0708,3.1
36.54,1.6245,1.0738,1.1
36.74,1.6420,1.0755,0.9
36.94,1.6533,1.0704,2.3
37.24,1.6811,1.0743,2.2
37.54,1.6966,1.0709,3.1
37.74,1.7141,1.0723,1.1
37.94,1.7287,1.0723,0.7
38.14,1.7479,1.0687,1.2
38.44,1.7744,1.0701,2.6
38.74,1.7927,1.0642,2.5
38.94,1.8142,1.0657,0.9
39.14,1.8307,1.0681,0.7
39.34,1.8442,1.0613,2.0
39.54,1.8664,1.0622,1.6
39.74,1.8814,1.0626,1.5
40.04,1.8879,1.0629,2.5
40.34,1.9184,1.0628,0.5
40.54,1.9360,1.0565,2.0
40.74,1.9529,1.0572,1.5
40.95,1.9591,1.0586,1.3
41.15,1.9664,1.0539,2.9
41.35,1.9846,1.0532,1.5
41.55,1.9972,1.0524,0.8
41.75,2.0149,1.0471,1.0
42.05,2.0347,1.0447,1.5
42.25,2.0527,1.0364,0.9
42.45,2.0653,1.0323,0.6
42.75,2.0927,1.0270,0.8
42.95,2.1024,1.0208,2.5
43.15,2.1238,1.0188,1.0
43.35,2.1413,1.0177,0.6
43.55,2.1529,1.0096,1.9
43.75,2.1753,1.0064,1.4
44.05,2.1949,1.0000,1.0
44.25,2.1952,1.0056,2.4
44.45,2.2195,1.0011,1.1
44.65,2.2386,0.9926,1.3
44.85,2.2497,0.9859,0.3
45.05,2.2482,0.9962,3.6
45.35,2.2474,0.9843,2.5
45.55,2.2498,0.9856,1.0
45.75,2.2472,0.9922,0.9
45.95,2.2511,0.9797,1.8
46.25,2.2748,0.9618,2.8
46.45,2.2850,0.9421,1.4
46.75,2.3036,0.9211,1.6
46.95,2.3148,0.9077,0.9
47.25,2.3257,0.8929,1.3
47.45,2.3410,0.8752,1.4
47.65,2.3521,0.8541,1.9
47.85,2.3604,0.8412,1.5
48.05,2.3721,0.8353,2.2
48.25,2.3799,0.8199,1.1
48.55,2.3970,0.8062,1.4
48.85,2.4082,0.7936,1.3
49.15,2.4258,0.7860,1.7
49.35,2.4358,0.7826,0.9
49.55,2.4355,0.7770,2.5
49.85,2.4610,0.7766,2.6
50.05,2.4749,0.7664,1.5
50.25,2.4794,0.7693,1.7
50.45,2.4958,0.7623,1.0
50.65,2.5101,0.7529,1.0
50.85,2.5157,0.7470,0.9
51.05,2.5314,0.7415,2.2
51.25,2.5417,0.7279,1.4
51.55,2.5614,0.7145,1.4
51.75,2.5734,0.7064,0.7
51.96,2.5788,0.6956,1.9
52.26,2.5987,0.6820,1.2
52.55,2.6089,0.6609,2.6
52.76,2.6241,0.6529,1.4
52.96,2.6302,0.6444,0.9
53.16,2.6345,0.6277,2.6
53.46,2.6549,0.6155,3.0
53.76,2.6601,0.5932,2.1
53.96,2.6748,0.5801,1.6
54.16,2.6835,0.5678,1.5
54.36,2.6866,0.5573,2.0
54.56,2.6970,0.5450,1.0
54.86,2.7088,0.5198,0.8
55.16,2.7181,0.4974,0.7
55.36,2.7228,0.4837,0.5
55.56,2.7276,0.4629,2.9
55.86,2.7337,0.4527,3.1
56.16,2.7343,0.4272,1.0
56.46,2.7435,0.4033,1.2
56.66,2.7485,0.3795,1.7
56.86,2.7491,0.3675,1.1
57.06,2.7548,0.3580,2.3
57.26,2.7565,0.3382,0.7
57.46,2.7583,0.3236,0.7
57.66,2.7673,0.3106,1.7
57.86,2.7704,0.2888,1.8
58.06,2.7711,0.2785,1.0
58.36,2.7741,0.2690,2.0
58.56,2.7794,0.2436,1.2
58.76,2.7866,0.2285,1.0
58.96,2.7887,0.2181,1.0
59.16,2.7918,0.1965,2.9
59.36,2.8005,0.1850,1.2
59.56,2.7986,0.1795,1.6
59.76,2.8041,0.1552,2.5
59.96,2.8113,0.1427,1.0
60.16,2.8073,0.1377,2.0
60.36,2.8144,0.1165,0.9
60.66,2.8245,0.0960,1.2
60.86,2.8309,0.0746,1.6
61.06,2.8328,0.0649,0.9
61.26,2.8426,0.0583,2.3
61.46,2.8472,0.0419,1.0
61.66,2.8505,0.0283,0.6
61.86,2.8592,0.0208,1.7
62.06,2.8658,0.0039,0.9
62.26,2.8692,-0.0056,0.9
62.46,2.8829,-0.0162,1.8
62.66,2.8924,-0.0353,1.5
62.86,2.8978,-0.0441,0.7
63.16,2.9189,-0.0614,0.8
63.36,2.9229,-0.0724,1.6
63.56,2.9389,-0.0860,1.1
63.76,2.9505,-0.0971,0.7
63.97,2.9548,-0.1075,1.7
64.17,2.9725,-0.1212,1.5
64.37,2.9857,-0.1313,0.9
64.57,2.9919,-0.1411,1.5
64.87,3.0142,-0.1564,1.0
65.07,3.0289,-0.1720,0.9
65.27,3.0387,-0.1825,0.4
65.57,3.0619,-0.2005,1.0
65.87,3.0698,-0.2101,1.9
66.07,3.0912,-0.2249,1.8
66.27,3.1036,-0.2421,1.5
66.47,3.1108,-0.2478,0.8
66.67,3.1310,-0.2570,3.5
66.97,3.1417,-0.2738,2.8
67.17,3.1595,-0.2810,0.9
67.37,3.1763,-0.2901,1.0
67.57,3.1832,-0.2997,2.0
67.87,3.2112,-0.3106,2.3
68.07,3.2229,-0.3242,1.5
68.27,3.2308,-0.3264,1.2
68.47,3.2549,-0.3370,3.4
68.77,3.2690,-0.3500,2.9
68.97,3.2888,-0.3539,1.0
69.17,3.3071,-0.3603,0.6
69.37,3.3123,-0.3675,2.6
69.57,3.3333,-0.3722,0.7
69.87,3.3580,-0.3812,1.2
70.07,3.3627,-0.3762,2.4
70.27,3.3897,-0.3811,1.4
70.47,3.4063,-0.3890,1.0
70.67,3.4158,-0.3871,1.3
70.87,3.4414,-0.3908,2.0
71.07,3.4543,-0.3971,1.4
71.27,3.4572,-0.3924,2.3
71.47,3.4863,-0.3960,0.8
71.77,3.5125,-0.4040,2.0
71.97,3.5355,-0.4050,1.6
72.27,3.5581,-0.4123,1.5
72.47,3.5583,-0.4073,2.3
72.67,3.5840,-0.4068,1.4
72.87,3.6055,-0.4130,1.3
73.17,3.6330,-0.4146,1.7
73.37,3.6466,-0.4155,1.4
73.57,3.6568,-0.4222,3.0
73.78,3.6737,-0.4194,1.1
73.98,3.6931,-0.4169,0.7
74.28,3.7023,-0.4162,2.4
74.58,3.7359,-0.4174,0.9
74.78,3.7551,-0.4181,1.2
74.98,3.7789,-0.4168,1.4
75.18,3.7950,-0.4142,1.1
75.38,3.8059,-0.4191,2.7
75.58,3.8231,-0.4151,1.0
75.78,3.8419,-0.4118,0.6
75.98,3.8551,-0.4179,2.4
76.18,3.8755,-0.4117,1.7
76.38,3.8918,-0.4101,1.1
76.58,3.9045,-0.4143,2.6
76.78,3.9221,-0.4096,1.0
76.98,3.9394,-0.4051,0.7
77.18,3.9523,-0.4087,2.0
77.38,3.9716,-0.4045,0.8
77.68,4.0007,-0.4039,1.5
77.88,4.0129,-0.4053,1.0
78.08,4.0280,-0.3966,2.3
78.28,4.0491,-0.3999,1.7
78.48,4.0668,-0.4005,1.3
78.78,4.0797,-0.3970,1.4
78.98,4.0930,-0.4005,2.7
79.18,4.0995,-0.3956,1.1
79.38,4.0960,-0.3994,2.1
79.68,4.1255,-0.4024,1.0
79.98,4.1513,-0.4000,0.8
80.18,4.1663,-0.4045,2.9
80.38,4.1825,-0.3965,1.2
80.68,4.2039,-0.3966,1.6
80.88,4.2154,-0.3962,1.0
81.08,4.2266,-0.3850,2.7
81.28,4.2426,-0.3871,1.6
81.48,4.2519,-0.3862,1.0
81.78,4.2672,-0.3748,1.1
81.98,4.2868,-0.3748,3.6
82.18,4.3016,-0.3612,1.3
82.38,4.3104,-0.3620,1.1
82.58,4.3299,-0.3556,2.2
82.88,4.3486,-0.3396,2.3
83.08,4.3681,-0.3339,1.5
83.28,4.3802,-0.3289,1.2
83.48,4.3891,-0.3137,2.3
83.68,4.4072,-0.3066,1.7
83.98,4.4235,-0.2877,1.2
84.28,4.4421,-0.2758,1.4
84.48,4.4423,-0.2702,1.7
84.68,4.4596,-0.2469,3.3
84.98,4.4752,-0.2343,2.9
85.19,4.4810,-0.2162,1.2
85.39,4.4912,-0.1979,0.8
85.59,4.4996,-0.1900,2.7
85.79,4.5065,-0.1701,1.0
85.99,4.5129,-0.1526,0.6
86.19,4.5208,-0.1452,2.7
86.39,4.5268,-0.1264,0.9
86.59,4.5312,-0.1107,0.7
86.79,4.5396,-0.1011,2.1
87.09,4.5469,-0.0721,1.4
87.29,4.5569,-0.0585,1.3
87.59,4.5668,-0.0338,0.8
87.79,4.5696,-0.0179,1.0
87.99,4.5732,-0.0125,3.3
88.29,4.5753,0.0088,0.9
88.49,4.5839,0.0220,0.7
88.69,4.5860,0.0292,0.9
88.89,4.5948,0.0477,1.5
89.09,4.6057,0.0594,1.0
89.29,4.6099,0.0675,1.0
89.59,4.6232,0.0948,0.9
89.79,4.6317,0.1023,2.4
89.99,4.6385,0.1205,1.2
90.19,4.6449,0.1362,0.6
90.39,4.6580,0.1460,2.1
90.59,4.6662,0.1678,1.7
90.89,4.6795,0.1820,1.6
91.09,4.6716,0.1832,2.4
91.29,4.6819,0.2099,1.7
91.49,4.6954,0.2252,1.4
91.79,4.7056,0.2481,0.8
92.09,4.7171,0.2681,1.1
92.29,4.7121,0.2716,2.2
92.49,4.7204,0.2952,2.2
92.69,4.7295,0.3058,1.1
92.99,4.7321,0.3236,1.1
93.19,4.7351,0.3364,0.6
93.39,4.7434,0.3447,1.6
93.59,4.7507,0.3610,0.8
93.79,4.7546,0.3709,0.7
93.99,4.7660,0.3796,1.7
94.19,4.7766,0.3975,0.9
94.39,4.7822,0.4100,0.8
94.59,4.7912,0.4168,2.3
94.79,4.7995,0.4354,1.0
94.99,4.8074,0.4522,0.7
95.19,4.8183,0.4592,1.6
95.49,4.8292,0.4865,2.8
95.69,4.8421,0.4977,1.2
95.89,4.8395,0.5030,2.3
96.09,4.8533,0.5273,1.2
96.40,4.8697,0.5416,2.1
96.70,4.8799,0.5645,2.6
96.90,4.8934,0.5720,1.2
97.10,4.8916,0.5761,1.8
97.40,4.9117,0.6063,0.6
97.60,4.9195,0.6110,2.2
97.80,4.9283,0.6286,0.9
98.00,4.9371,0.6444,0.7
98.20,4.9477,0.6493,1.8
98.50,4.9610,0.6755,3.1
98.70,4.9750,0.6849,1.1
98.90,4.9726,0.6903,2.1
99.10,4.9901,0.7105,1.2
99.30,5.0054,0.7220,1.3
99.60,5.0213,0.7394,1.2
99.80,5.0300,0.7502,0.8
100.10,5.0444,0.7577,1.1
100.30,5.0605,0.7744,2.0
100.50,5.0794,0.7831,1.6
100.70,5.0889,0.7902,0.6
101.00,5.1092,0.8101,1.3
101.20,5.1202,0.8128,2.1
101.40,5.1332,0.8282,1.1
101.60,5.1469,0.8392,0.7
101.80,5.1676,0.8452,3.6
102.00,5.1779,0.8610,1.4
102.30,5.2003,0.8696,1.1
102.50,5.2161,0.8765,1.1
102.70,5.2232,0.8903,2.4
102.90,5.2414,0.8962,1.5
103.20,5.2605,0.9134,1.4
103.40,5.2671,0.9138,1.4
103.60,5.2887,0.9223,3.0
103.90,5.3017,0.9388,1.9
104.20,5.3287,0.9464,3.0
104.50,5.3422,0.9619,2.0
104.70,5.3617,0.9686,1.1
104.90,5.3767,0.9732,1.0
105.20,5.3865,0.9792,1.7
105.50,5.4164,0.9894,0.7
105.70,5.4242,0.9991,2.1
105.90,5.4446,1.0034,1.5
106.10,5.4602,1.0080,1.1
106.30,5.4681,1.0168,2.2
106.50,5.4868,1.0189,0.9
106.70,5.4991,1.0207,0.7
107.00,5.5195,1.0321,0.6
107.20,5.5383,1.0325,3.6
107.50,5.5529,1.0463,2.4
107.70,5.5720,1.0475,1.2
107.91,5.5884,1.0493,1.2
108.11,5.5969,1.0560,2.0
108.31,5.6160,1.0556,0.9
108.51,5.6289,1.0557,0.8
108.71,5.6453,1.0654,2.2
108.91,5.6676,1.0659,1.5
109.21,5.6474,1.0670,0.6
109.41,5.6454,1.0652,0.2
109.71,5.6384,1.0628,0.4
110.01,5.6362,1.0624,0.2
110.21,5.6344,1.0622,0.1
110.51,5.6157,1.0627,2.0
110.71,5.5946,1.0602,1.7
110.91,5.5880,1.0560,2.1
111.11,5.5841,1.0718,4.4
111.31,5.5702,1.0821,1.2
111.51,5.5632,1.0814,1.4
111.71,5.5694,1.0931,3.0
111.91,5.5633,1.1086,1.4
112.11,5.5570,1.1126,1.2
112.31,5.5673,1.1208,2.1
112.51,5.5633,1.1246,0.5
112.71,5.5579,1.1220,0.9
112.91,5.5600,1.1149,2.1
113.11,5.5493,1.1030,1.0
113.31,5.5406,1.0888,0.8
113.51,5.5335,1.0641,3.7
113.71,5.5223,1.0528,1.4
113.91,5.5297,1.0529,2.2
114.21,5.5212,1.0226,0.5
114.41,5.5116,1.0108,1.7
114.61,5.5041,0.9876,1.1
114.81,5.5013,0.9730,1.1
115.01,5.4973,0.9661,3.6
115.21,5.4961,0.9511,1.1
115.41,5.4936,0.9350,0.5
115.61,5.4850,0.9248,1.9
115.81,5.4790,0.9033,0.9
116.01,5.4780,0.8889,0.8
116.21,5.4743,0.8819,3.4
116.41,5.4735,0.8664,1.2
116.61,5.4725,0.8510,0.5
116.81,5.4634,0.8375,1.9
117.11,5.4595,0.8072,3.0
117.31,5.4515,0.7958,1.3
117.51,5.4575,0.7952,2.1
117.82,5.4504,0.7640,0.5
118.02,5.4432,0.7478,1.2
118.22,5.4377,0.7256,1.1
118.52,5.4318,0.7090,1.2
118.72,5.4363,0.7053,2.1
119.02,5.4291,0.6746,0.5
119.22,5.4209,0.6598,1.5
119.42,5.4160,0.6390,1.3
119.62,5.4152,0.6287,0.8
119.82,5.4093,0.6216,2.6
120.02,5.4063,0.6030,1.5
120.32,5.3986,0.5772,1.0
120.52,5.3940,0.5648,0.6
120.72,5.3902,0.5446,2.7
120.92,5.3829,0.5356,1.3
121.12,5.3888,0.5348,2.0
121.32,5.3844,0.5121,1.0
121.52,5.3763,0.4960,1.1
121.72,5.3723,0.4853,0.9
121.92,5.3684,0.4632,3.1
122.12,5.3594,0.4514,1.3
122.32,5.3654,0.4491,2.4
122.62,5.3583,0.4141,0.5
122.82,5.3508,0.4044,1.8
123.02,5.3473,0.3832,0.7
123.22,5.3475,0.3687,0.6
123.42,5.3416,0.3606,2.2
123.72,5.3396,0.3309,1.1
123.92,5.3331,0.3159,1.0
124.12,5.3327,0.3074,1.1
124.42,5.3271,0.2807,0.7
124.62,5.3203,0.2723,1.8
124.82,5.3173,0.2511,0.8
125.02,5.3166,0.2362,0.6
125.22,5.3095,0.2278,1.9
125.42,5.3059,0.2079,0.7
125.62,5.3060,0.1950,0.5
125.82,5.3007,0.1874,2.4
126.02,5.2979,0.1683,1.3
126.32,5.2901,0.1426,0.9
126.52,5.2877,0.1319,0.8
126.72,5.2809,0.1122,1.8
127.02,5.2705,0.0971,1.8
127.22,5.2646,0.0772,0.8
127.42,5.2639,0.0646,0.6
127.72,5.2632,0.0574,2.2
128.02,5.2544,0.0295,0.5
128.22,5.2455,0.0164,1.3
128.42,5.2377,-0.0044,0.9
128.62,5.2366,-0.0159,0.8
128.82,5.2312,-0.0218,2.9
129.03,5.2291,-0.0373,1.2
129.23,5.2269,-0.0515,0.7
129.43,5.2187,-0.0611,1.7
129.63,5.2132,-0.0801,0.9
129.93,5.2026,-0.0999,1.0
130.13,5.1998,-0.1092,0.9
130.33,5.1932,-0.1264,2.2
130.53,5.1831,-0.1354,1.1
130.73,5.1819,-0.1422,1.3
130.94,5.1722,-0.1617,1.8
131.23,5.1590,-0.1751,1.9
131.43,5.1501,-0.1931,0.7
131.63,5.1447,-0.2064,0.9
131.83,5.1325,-0.2110,2.4
132.03,5.1279,-0.2242,1.0
132.33,5.1258,-0.2301,1.1
132.63,5.1289,-0.2303,0.7
132.83,5.1324,-0.2304,1.0
133.03,5.1284,-0.2264,2.0
133.23,5.1286,-0.2320,1.0
133.43,5.1301,-0.2353,0.8
133.73,5.1260,-0.2314,0.9
133.94,5.1286,-0.2389,3.2
134.14,5.1252,-0.2357,1.6
134.44,5.1309,-0.2355,0.9
134.64,5.1383,-0.2355,1.8
134.84,5.1224,-0.2285,3.5
135.04,5.1232,-0.2322,2.1
135.34,5.1468,-0.2291,1.1
135.54,5.1557,-0.2255,1.4
135.74,5.1722,-0.2353,2.4
135.94,5.1775,-0.2287,0.9
136.14,5.1749,-0.2272,1.5
136.34,5.1575,-0.2304,3.0
136.54,5.1449,-0.2212,1.5
136.74,5.1448,-0.2238,2.1
136.94,5.1174,-0.2246,1.7
137.24,5.1000,-0.2179,2.5
137.44,5.0841,-0.2191,0.8
137.74,5.0676,-0.2169,1.2
137.94,5.0677,-0.2219,2.6
138.14,5.0398,-0.2239,1.2
138.34,5.0229,-0.2218,1.1
138.54,5.0199,-0.2233,1.7
138.74,4.9976,-0.2272,1.5
138.94,4.9781,-0.2243,1.5
139.14,4.9671,-0.2241,1.0
139.44,4.9456,-0.2335,1.1
139.64,4.9315,-0.2267,2.9
139.94,4.9137,-0.2365,2.3
140.24,4.8865,-0.2308,3.8
140.44,4.8692,-0.2392,1.3
140.64,4.8644,-0.2358,1.8
140.94,4.8340,-0.2364,0.8
141.14,4.8210,-0.2447,2.2
141.34,4.7989,-0.2443,1.7
141.54,4.7838,-0.2455,1.1
141.84,4.7687,-0.2497,1.4
142.04,4.7439,-0.2512,2.9
142.34,4.7255,-0.2615,2.1
142.54,4.7054,-0.2613,1.1
142.74,4.6902,-0.2604,0.9
142.94,4.6805,-0.2669,2.3
143.24,4.6518,-0.2645,1.9
143.44,4.6352,-0.2707,1.2
143.74,4.6106,-0.2731,1.3
144.04,4.5870,-0.2804,1.1
144.24,4.5812,-0.2782,1.6
144.44,4.5571,-0.2801,2.4
144.74,4.5406,-0.2849,2.4
144.95,4.5212,-0.2843,0.8
145.15,4.5042,-0.2851,0.7
145.35,4.4861,-0.2921,1.8
145.55,4.4639,-0.2920,1.8
145.85,4.4416,-0.3021,1.4
146.05,4.4319,-0.3037,0.9
146.25,4.4073,-0.3030,4.3
146.45,4.3918,-0.3148,1.5
146.65,4.3858,-0.3102,1.8
146.85,4.3591,-0.3124,2.7
147.05,4.3437,-0.3213,1.2
147.25,4.3387,-0.3179,1.8
147.45,4.3143,-0.3222,1.2
147.65,4.2963,-0.3292,0.9
147.85,4.2832,-0.3326,0.6
148.15,4.2578,-0.3381,1.3
148.35,4.2536,-0.3463,2.3
148.65,4.2393,-0.3467,1.3
148.85,4.2217,-0.3575,0.7
149.05,4.2124,-0.3630,1.0
149.25,4.1885,-0.3698,3.0
149.45,4.1758,-0.3806,1.3
149.65,4.1714,-0.3775,1.1
149.85,4.1516,-0.3815,2.0
150.05,4.1405,-0.3878,0.8
150.35,4.1216,-0.3897,1.0
150.55,4.1116,-0.3926,0.7
150.75,4.0944,-0.3986,1.0
150.95,4.0747,-0.4035,1.1
151.15,4.0651,-0.4050,0.8
151.35,4.0526,-0.4162,2.1
151.55,4.0309,-0.4200,2.0
151.75,4.0179,-0.4244,1.0
152.05,4.0035,-0.4376,0.8
152.26,3.9815,-0.4415,4.0
152.46,3.9755,-0.4524,1.1
152.76,3.9635,-0.4525,0.9
152.96,3.9528,-0.4537,0.5
153.16,3.9403,-0.4586,1.2
153.36,3.9209,-0.4600,1.2
153.66,3.9038,-0.4645,1.3
153.86,3.8942,-0.4651,0.6
154.06,3.8790,-0.4609,3.1
154.36,3.8612,-0.4730,3.0
154.56,3.8461,-0.4681,1.3
154.76,3.8371,-0.4669,0.8
154.96,3.8239,-0.4746,3.0
155.16,3.8066,-0.4674,1.4
155.36,3.7951,-0.4650,1.0
155.66,3.7725,-0.4702,1.5
155.86,3.7620,-0.4622,3.0
156.16,3.7374,-0.4698,3.2
156.36,3.7227,-0.4627,1.4
156.66,3.7176,-0.4708,1.7
156.86,3.7087,-0.4724,1.1
157.06,3.6901,-0.4725,1.6
157.26,3.6742,-0.4786,1.4
157.56,3.6545,-0.4801,1.2
157.76,3.6491,-0.4810,1.1
158.06,3.6236,-0.4912,0.9
158.26,3.6059,-0.4881,2.6
158.46,3.5931,-0.4951,1.3
158.76,3.5757,-0.4944,1.2
158.96,3.5671,-0.4941,0.6
159.16,3.5522,-0.5007,2.9
159.46,3.5326,-0.4921,2.5
159.66,3.5149,-0.4968,1.5
159.86,3.5014,-0.4992,1.8
160.06,3.4926,-0.4950,3.1
160.36,3.4711,-0.5013,1.2
160.56,3.4489,-0.4975,1.3
160.77,3.4377,-0.4939,1.0
160.97,3.4212,-0.5006,3.3
161.17,3.4075,-0.4911,1.6
161.37,3.4014,-0.4895,1.9
161.67,3.3695,-0.4925,1.5
161.87,3.3606,-0.4886,3.5
162.07,3.3477,-0.4913,1.7
162.27,3.3310,-0.4914,0.5
162.47,3.3142,-0.4841,2.6
162.67,3.2964,-0.4860,1.2
162.87,3.2876,-0.4860,1.4
163.07,3.2723,-0.4751,2.8
163.37,3.2446,-0.4786,3.8
163.57,3.2326,-0.4674,1.8
163.77,3.2315,-0.4705,2.1
163.97,3.2083,-0.4695,1.4
164.27,3.1832,-0.4593,1.7
164.47,3.1580,-0.4552,1.7
164.67,3.1420,-0.4537,1.6
164.87,3.1342,-0.4494,3.5
165.07,3.1201,-0.4521,1.7
165.37,3.0917,-0.4466,1.1
165.57,3.0800,-0.4429,1.3
165.87,3.0476,-0.4416,1.6
166.07,3.0382,-0.4371,3.5
166.27,3.0293,-0.4371,2.0
166.47,3.0238,-0.4350,0.7
166.67,3.0104,-0.4321,1.2
166.87,2.9980,-0.4270,0.9
167.07,2.9931,-0.4217,1.0
167.28,2.9783,-0.4157,1.4
167.48,2.9627,-0.4079,0.7
167.68,2.9515,-0.4031,0.6
167.88,2.9424,-0.3906,2.4
168.08,2.9239,-0.3854,1.5
168.28,2.9138,-0.3801,1.1
168.48,2.9094,-0.3704,2.1
168.68,2.8919,-0.3629,0.9
168.98,2.8721,-0.3464,1.3
169.18,2.8655,-0.3452,1.4
169.38,2.8443,-0.3320,2.8
169.68,2.8310,-0.3134,1.6
169.98,2.8059,-0.2969,1.8
170.18,2.7943,-0.2791,1.8
170.38,2.7872,-0.2690,1.0
170.58,2.7780,-0.2684,1.8
170.78,2.7682,-0.2573,0.8
170.98,2.7600,-0.2506,1.0
171.18,2.7400,-0.2498,4.5
171.38,2.7324,-0.2395,1.5
171.58,2.7359,-0.2511,3.1
171.78,2.7134,-0.2495,1.3
172.08,2.7001,-0.2427,2.2
172.28,2.6833,-0.2410,0.6
172.58,2.6764,-0.2401,1.6
172.78,2.6799,-0.2381,1.3
172.99,2.6762,-0.2446,1.7
173.28,2.6691,-0.2267,1.7
173.48,2.6555,-0.2167,1.4
173.79,2.6417,-0.1944,1.8
173.99,2.6335,-0.1825,0.8
174.19,2.6178,-0.1734,2.5
174.49,2.6114,-0.1535,3.0
174.79,2.5928,-0.1513,2.9
174.99,2.5862,-0.1397,1.4
175.19,2.5839,-0.1384,1.6
175.49,2.5594,-0.1353,1.1
175.69,2.5566,-0.1295,2.6
175.99,2.5330,-0.1314,1.7
176.19,2.5243,-0.1254,1.4
176.39,2.5237,-0.1264,2.0
176.59,2.5028,-0.1312,3.3
176.89,2.4903,-0.1281,3.4
177.09,2.4781,-0.1326,1.0
177.29,2.4706,-0.1352,0.9
177.49,2.4539,-0.1344,1.4
177.69,2.4366,-0.1393,1.3
177.99,2.4208,-0.1416,1.3
178.19,2.4244,-0.1473,2.0
178.39,2.4067,-0.1524,1.0
178.69,2.3864,-0.1553,1.8
178.89,2.3724,-0.1641,1.0
179.09,2.3598,-0.1705,0.8
179.29,2.3436,-0.1692,3.2
179.49,2.3313,-0.1827,1.3
179.79,2.3117,-0.1887,1.4
179.99,2.3022,-0.1915,1.1
180.19,2.2916,-0.2060,2.7
180.39,2.2735,-0.2102,1.6
180.59,2.2629,-0.2157,1.2
180.79,2.2525,-0.2338,3.1
181.09,2.2353,-0.2393,1.7
181.29,2.2209,-0.2564,0.9
181.49,2.2091,-0.2674,0.7
181.69,2.1908,-0.2764,2.6
181.89,2.1785,-0.2925,1.2
182.19,2.1572,-0.3066,1.6
182.39,2.1450,-0.3154,1.0
182.59,2.1392,-0.3297,2.2
182.79,2.1224,-0.3419,1.0
183.09,2.1042,-0.3631,1.1
183.29,2.0960,-0.3655,1.4
183.49,2.0793,-0.3819,1.5
183.70,2.0666,-0.4016,1.5
183.90,2.0577,-0.4153,1.4
184.19,2.0560,-0.4215,2.8
184.40,2.0454,-0.4469,2.2
184.60,2.0340,-0.4596,1.2
184.80,2.0378,-0.4641,2.5
185.00,2.0268,-0.4913,1.7
185.20,2.0170,-0.5047,1.2
185.40,2.0195,-0.5108,2.0
185.60,2.0101,-0.5380,1.6
185.90,2.0002,-0.5536,2.0
186.10,1.9947,-0.5747,0.6
186.30,1.9940,-0.5904,0.9
186.50,1.9907,-0.5955,3.1
186.70,1.9899,-0.6121,1.0
186.90,1.9882,-0.6276,0.5
187.10,1.9819,-0.6359,2.0
187.30,1.9782,-0.6568,0.9
187.60,1.9715,-0.6774,1.0
187.80,1.9728,-0.6853,1.4
188.00,1.9673,-0.7064,1.8
188.20,1.9598,-0.7178,1.1
188.40,1.9600,-0.7265,1.3
188.60,1.9535,-0.7472,1.4
188.80,1.9458,-0.7584,0.9
189.00,1.9449,-0.7658,1.2
189.30,1.9357,-0.7919,0.6
189.50,1.9287,-0.7955,1.9
189.70,1.9227,-0.8107,1.0
189.90,1.9186,-0.8222,0.7
190.10,1.9066,-0.8297,1.8
190.30,1.8983,-0.8444,1.0
190.60,1.8831,-0.8579,1.4
190.80,1.8744,-0.8662,1.1
191.00,1.8657,-0.8821,2.7
191.20,1.8489,-0.8907,1.5
191.40,1.8470,-0.8975,1.5
191.60,1.8328,-0.9181,2.8
191.80,1.8156,-0.9280,1.4
192.10,1.8043,-0.9465,0.8
192.30,1.7964,-0.9584,0.6
192.50,1.7828,-0.9652,1.9
192.70,1.7697,-0.9803,0.8
192.90,1.7610,-0.9910,0.8
193.21,1.7424,-1.0024,0.8
193.51,1.7217,-1.0210,0.7
193.71,1.7065,-1.0251,1.9
194.00,1.6885,-1.0432,2.7
194.21,1.6710,-1.0490,1.4
194.41,1.6664,-1.0571,1.3
194.61,1.6477,-1.0688,1.2
194.91,1.6166,-1.0780,3.7
195.11,1.6054,-1.0911,1.4
195.41,1.5861,-1.0936,1.2
195.61,1.5693,-1.0973,0.7
195.81,1.5623,-1.1043,1.8
196.01,1.5412,-1.1081,0.9
196.21,1.5249,-1.1100,0.9
196.41,1.5163,-1.1167,1.9
196.61,1.4952,-1.1186,1.0
196.81,1.4808,-1.1183,0.9
197.11,1.4702,-1.1210,1.8
197.31,1.4450,-1.1243,1.6
197.51,1.4303,-1.1302,1.1
197.71,1.4228,-1.1282,1.3
197.91,1.3989,-1.1302,2.1
198.11,1.3857,-1.1361,1.1
198.31,1.3794,-1.1338,1.3
198.51,1.3527,-1.1339,3.1
198.81,1.3336,-1.1403,2.4
199.01,1.3165,-1.1373,1.2
199.31,1.2889,-1.1368,0.6
199.51,1.2804,-1.1357,0.9
199.71,1.2579,-1.1344,1.7
199.91,1.2393,-1.1372,1.1
200.21,1.2202,-1.1340,1.4
200.51,1.1956,-1.1333,0.8
200.71,1.1822,-1.1364,0.9
200.91,1.1712,-1.1320,2.4
201.11,1.1543,-1.1341,1.3
201.31,1.1416,-1.1348,0.9
201.51,1.1219,-1.1294,1.9
201.81,1.1036,-1.1328,2.6
202.11,1.0894,-1.1225,2.0
202.31,1.0705,-1.1200,1.0
202.61,1.0500,-1.1131,1.3
202.81,1.0448,-1.1149,1.7
203.01,1.0222,-1.1117,1.4
203.21,1.0060,-1.1035,1.3
203.41,0.9940,-1.0996,0.9
203.71,0.9665,-1.0951,0.9
203.91,0.9619,-1.0894,2.8
204.21,0.9397,-1.0881,1.2
204.41,0.9222,-1.0787,0.9
204.61,0.9108,-1.0705,0.9
204.82,0.8942,-1.0712,3.6
205.02,0.8864,-1.0575,1.4
205.32,0.8687,-1.0505,1.0
205.62,0.8474,-1.0348,1.3
205.82,0.8393,-1.0326,1.4
206.12,0.8090,-1.0179,1.0
206.32,0.8008,-1.0068,2.1
206.52,0.7821,-1.0001,0.9
206.82,0.7601,-0.9838,1.4
207.02,0.7512,-0.9813,1.3
207.32,0.7236,-0.9655,0.9
207.62,0.7127,-0.9542,1.4
207.82,0.6902,-0.9422,3.1
208.02,0.6801,-0.9279,1.3
208.22,0.6745,-0.9300,2.1
208.42,0.6524,-0.9160,1.9
208.72,0.6383,-0.8997,1.7
208.92,0.6206,-0.8885,0.8
209.12,0.6061,-0.8805,0.6
209.32,0.6002,-0.8685,1.7
209.52,0.5828,-0.8561,1.1
209.72,0.5690,-0.8461,0.8
210.02,0.5582,-0.8336,1.1
210.22,0.5407,-0.8179,1.8
210.42,0.5290,-0.7979,1.8
210.62,0.5211,-0.7856,1.1
210.92,0.5047,-0.7756,1.3
211.12,0.4934,-0.7538,3.7
211.32,0.4761,-0.7437,1.2
211.62,0.4663,-0.7239,1.0
211.82,0.4582,-0.7097,0.8
212.02,0.4434,-0.7034,3.0
212.22,0.4373,-0.6850,1.3
212.42,0.4313,-0.6760,1.0
212.62,0.4148,-0.6628,2.7
212.82,0.4069,-0.6435,1.3
213.02,0.4015,-0.6349,0.9
213.22,0.3860,-0.6203,2.7
213.42,0.3784,-0.5993,1.5
213.62,0.3732,-0.5902,1.0
213.82,0.3575,-0.5757,2.8
214.02,0.3509,-0.5545,1.4
214.22,0.3455,-0.5474,1.0
214.42,0.3314,-0.5283,2.3
214.62,0.3244,-0.5074,1.3
214.82,0.3190,-0.5013,1.1
215.02,0.3063,-0.4810,1.7
215.22,0.2997,-0.4590,1.6
215.42,0.2962,-0.4487,0.9
215.62,0.2817,-0.4384,2.8
215.93,0.2810,-0.4155,2.2
216.23,0.2673,-0.3934,1.3
216.43,0.2596,-0.3692,1.3
216.63,0.2593,-0.3573,1.0
216.83,0.2512,-0.3518,2.6
217.13,0.2483,-0.3262,1.2
217.33,0.2396,-0.3095,1.1
217.53,0.2336,-0.2962,0.7
217.73,0.2315,-0.2767,2.9
218.03,0.2184,-0.2620,2.2
218.23,0.2145,-0.2424,1.0
218.53,0.2041,-0.2179,1.2
218.73,0.2070,-0.2114,1.9
218.93,0.1989,-0.1875,1.3
219.13,0.1905,-0.1717,1.0
219.33,0.1852,-0.1586,0.7
219.63,0.1811,-0.1538,0.5
219.83,0.1860,-0.1634,0.2
220.03,0.1883,-0.1669,0.3
220.23,0.1905,-0.1706,0.4
220.43,0.1908,-0.1723,0.3
220.63,0.1916,-0.1740,0.2
220.83,0.1937,-0.1767,0.6
221.03,0.1929,-0.1688,0.8
221.23,0.1953,-0.1674,0.5
221.43,0.1961,-0.1757,0.7
221.73,0.1937,-0.1850,0.8
222.03,0.1960,-0.1945,1.2
222.23,0.1813,-0.1962,3.1
222.43,0.1700,-0.2070,1.8
222.63,0.1688,-0.2128,1.6
222.83,0.1588,-0.2023,3.9
223.03,0.1419,-0.2039,1.4
223.23,0.1365,-0.2084,0.9
223.43,0.1306,-0.1946,2.8
223.63,0.1172,-0.1938,0.7
223.83,0.1119,-0.1919,1.4
224.13,0.1267,-0.1941,1.7
224.33,0.1389,-0.2138,3.5
224.53,0.1555,-0.2212,1.1
224.73,0.1534,-0.2265,2.1
225.03,0.1736,-0.2490,0.7
225.23,0.1894,-0.2603,2.2
225.53,0.1994,-0.2805,2.2
225.83,0.2217,-0.2936,3.3
226.03,0.2286,-0.3111,1.4
226.23,0.2359,-0.3158,0.9
226.43,0.2504,-0.3318,1.9
226.73,0.2587,-0.3543,2.2
226.93,0.2730,-0.3681,1.3
227.13,0.2820,-0.3795,0.6
227.33,0.2842,-0.3970,2.8
227.54,0.2975,-0.4074,1.3
227.84,0.3053,-0.4289,1.4
228.04,0.3123,-0.4462,1.1
228.24,0.3229,-0.4535,2.0
228.44,0.3293,-0.4733,1.0
228.74,0.3404,-0.4925,1.1
228.94,0.3379,-0.4976,1.8
229.14,0.3472,-0.5227,1.7
229.34,0.3564,-0.5371,1.1
229.54,0.3582,-0.5466,1.2
229.84,0.3686,-0.5768,1.0
230.04,0.3774,-0.5851,2.3
230.24,0.3818,-0.6041,0.9
230.44,0.3846,-0.6194,0.7
230.74,0.3938,-0.6358,1.0
230.94,0.4008,-0.6585,2.8
231.14,0.4129,-0.6701,1.2
231.34,0.4105,-0.6755,1.7
231.64,0.4214,-0.7048,0.7
231.84,0.4318,-0.7153,1.6
232.04,0.4394,-0.7363,1.4
232.24,0.4440,-0.7503,0.7
232.44,0.4535,-0.7582,1.9
232.74,0.4616,-0.7833,1.6
232.94,0.4731,-0.7952,1.0
233.14,0.4781,-0.8051,0.8
233.34,0.4863,-0.8230,2.5
233.54,0.4988,-0.8332,1.1
233.74,0.5007,-0.8402,1.2
233.94,0.5126,-0.8596,2.3
234.14,0.5275,-0.8706,1.0
234.34,0.5312,-0.8779,1.2
234.64,0.5509,-0.9040,1.2
234.84,0.5651,-0.9105,1.9
235.04,0.5770,-0.9270,1.1
235.24,0.5877,-0.9395,0.9
235.44,0.6044,-0.9455,2.4
235.64,0.6158,-0.9619,1.5
235.94,0.6392,-0.9759,1.5
236.14,0.6511,-0.9838,0.7
236.34,0.6572,-0.9954,2.1
236.64,0.6864,-1.0076,3.3
236.84,0.6980,-1.0227,1.3
237.14,0.7201,-1.0286,0.8
237.35,0.7365,-1.0374,0.4
237.64,0.7515,-1.0487,1.2
237.85,0.7767,-1.0561,4.1
238.05,0.7878,-1.0683,1.5
238.35,0.8037,-1.0646,1.4
238.55,0.8223,-1.0688,0.6
238.85,0.8396,-1.0783,1.2
239.05,0.8666,-1.0841,3.8
239.35,0.8812,-1.0932,3.5
239.55,0.8972,-1.0913,1.3
239.75,0.9165,-1.0923,0.7
240.05,0.9257,-1.0922,2.1
240.25,0.9519,-1.0932,1.6
240.45,0.9689,-1.0994,1.4
240.65,0.9761,-1.0980,1.7
240.85,1.0045,-1.0970,3.4
241.15,1.0218,-1.1013,4.0
241.35,1.0329,-1.0976,1.6
241.55,1.0486,-1.0957,0.5
241.75,1.0678,-1.1023,2.7
241.95,1.0888,-1.0996,1.4
242.15,1.1005,-1.1001,1.0
242.35,1.1193,-1.1090,3.7
242.65,1.1463,-1.1034,1.8
242.85,1.1670,-1.1081,1.5
243.05,1.1834,-1.1107,0.9
243.25,1.1987,-1.1063,1.9
243.45,1.2179,-1.1097,1.1
243.65,1.2328,-1.1118,0.7
243.85,1.2517,-1.1044,3.7
244.05,1.2700,-1.1111,1.4
244.25,1.2745,-1.1079,1.9
244.45,1.2984,-1.1032,1.6
244.65,1.3143,-1.1050,1.1
244.85,1.3183,-1.1016,1.2
245.05,1.3401,-1.0966,1.9
245.25,1.3582,-1.0983,1.5
245.45,1.3647,-1.0989,1.3
245.65,1.3767,-1.0914,1.7
245.95,1.4041,-1.0938,3.2
246.15,1.4203,-1.0846,1.1
246.35,1.4257,-1.0862,1.4
246.55,1.4473,-1.0834,2.1
246.85,1.4655,-1.0737,1.9
247.05,1.4865,-1.0706,1.4
247.25,1.5008,-1.0680,0.9
247.45,1.5092,-1.0583,1.9
247.65,1.5281,-1.0540,1.2
247.95,1.5513,-1.0394,1.5
248.15,1.5614,-1.0356,0.9
248.35,1.5788,-1.0304,2.3
248.55,1.5932,-1.0151,1.4
248.76,1.6052,-1.0080,0.6
249.06,1.6276,-0.9981,1.0
249.26,1.6386,-0.9807,3.5
249.46,1.6579,-0.9763,1.5
249.66,1.6599,-0.9696,1.7
249.96,1.6864,-0.9453,0.5
250.16,1.6979,-0.9409,1.9
250.46,1.7169,-0.9182,1.4
250.66,1.7364,-0.9074,1.8
250.86,1.7475,-0.8995,1.0
251.16,1.7588,-0.8848,1.2
251.36,1.7804,-0.8726,3.5
251.56,1.7911,-0.8534,1.3
251.76,1.7997,-0.8517,1.7
251.96,1.8186,-0.8367,1.6
252.26,1.8359,-0.8093,4.1
252.46,1.8505,-0.8046,1.7
252.66,1.8422,-0.8034,2.6
252.86,1.8545,-0.7784,2.4
253.06,1.8719,-0.7644,1.4
253.26,1.8737,-0.7598,1.4
253.56,1.8954,-0.7306,1.1
253.86,1.8953,-0.7248,2.6
254.06,1.9104,-0.6997,2.0
254.26,1.9252,-0.6878,1.4
254.46,1.9245,-0.6834,1.9
254.66,1.9381,-0.6579,2.6
254.96,1.9486,-0.6420,3.5
255.16,1.9510,-0.6263,0.7
255.36,1.9555,-0.6088,0.6
255.56,1.9640,-0.6012,2.5
255.76,1.9698,-0.5817,1.2
255.96,1.9735,-0.5661,0.7
256.16,1.9854,-0.5543,1.8
256.36,1.9938,-0.5341,1.0
256.56,1.9970,-0.5226,0.8
256.86,2.0041,-0.5135,1.8
257.06,2.0148,-0.4913,1.1
257.26,2.0263,-0.4791,1.2
257.46,2.0319,-0.4721,1.1
257.66,2.0398,-0.4530,3.0
257.86,2.0519,-0.4436,1.1
258.06,2.0472,-0.4390,2.5
258.26,2.0594,-0.4199,1.4
258.46,2.0700,-0.4140,1.3
258.66,2.0748,-0.4125,0.9
258.86,2.0761,-0.4040,2.0
259.06,2.0893,-0.4009,1.3
259.27,2.0983,-0.4004,0.8
259.56,2.1052,-0.3919,1.7
259.87,2.1377,-0.3793,0.9
260.07,2.1474,-0.3682,1.6
260.27,2.1675,-0.3606,1.3
260.47,2.1815,-0.3547,0.6
260.77,2.1925,-0.3436,1.5
260.97,2.2156,-0.3406,3.6
261.27,2.2312,-0.3238,1.8
261.47,2.2521,-0.3183,1.7
261.67,2.2693,-0.3130,1.2
261.97,2.2765,-0.3135,2.6
262.17,2.3017,-0.3035,1.1
262.37,2.3207,-0.2969,0.7
262.57,2.3297,-0.2961,1.0
262.87,2.3601,-0.2883,0.6
263.07,2.3685,-0.2805,2.2
263.27,2.3913,-0.2797,1.4
263.47,2.4116,-0.2785,1.5
263.67,2.4178,-0.2765,3.4
263.97,2.4389,-0.2799,1.3
264.17,2.4601,-0.2769,1.1
264.37,2.4721,-0.2738,0.6
264.67,2.4986,-0.2750,0.8
264.87,2.5124,-0.2667,2.2
265.07,2.5353,-0.2686,1.7
265.27,2.5532,-0.2687,1.1
265.47,2.5623,-0.2642,2.8
265.77,2.5831,-0.2668,1.5
265.97,2.6021,-0.2659,0.8
266.27,2.6248,-0.2663,0.6
266.47,2.6347,-0.2658,1.0
266.67,2.6546,-0.2643,1.4
266.87,2.6771,-0.2679,1.5
267.07,2.6911,-0.2710,1.1
267.37,2.7072,-0.2675,1.4
267.57,2.7282,-0.2725,2.4
267.77,2.7458,-0.2691,1.5
267.97,2.7508,-0.2684,1.8
268.17,2.7676,-0.2792,3.2
268.47,2.7911,-0.2720,3.8
268.67,2.8037,-0.2833,1.8
268.87,2.8071,-0.2822,2.1
269.07,2.8276,-0.2798,2.2
269.27,2.8417,-0.2851,1.2
269.47,2.8463,-0.2805,2.1
269.67,2.8706,-0.2845,1.1
269.87,2.8919,-0.2882,0.9
270.07,2.9033,-0.2913,0.7
270.27,2.9219,-0.2915,2.5
270.47,2.9327,-0.2981,1.1
270.67,2.9361,-0.2947,2.0
270.98,2.9686,-0.2997,0.7
271.18,2.9825,-0.3079,1.9
271.38,3.0026,-0.3103,1.4
271.58,3.0146,-0.3115,0.9
271.78,3.0217,-0.3201,2.7
271.98,3.0380,-0.3216,1.3
272.18,3.0540,-0.3237,0.6
272.38,3.0652,-0.3325,1.8
272.58,3.0871,-0.3374,1.1
272.78,3.1041,-0.3400,1.2
272.98,3.1108,-0.3449,3.4
273.28,3.1313,-0.3455,0.9
273.58,3.1530,-0.3581,1.7
273.78,3.1740,-0.3639,1.5
273.98,3.1879,-0.3677,1.2
274.18,3.1941,-0.3744,2.8
274.38,3.2112,-0.3761,1.4
274.58,3.2283,-0.3808,0.6
274.78,3.2388,-0.3911,1.8
274.98,3.2614,-0.3985,1.5
275.18,3.2759,-0.4023,1.3
275.48,3.2787,-0.4001,2.5
275.78,3.3128,-0.4124,0.6
275.98,3.3228,-0.4234,2.2
276.18,3.3439,-0.4309,1.7
276.48,3.3628,-0.4427,1.4
276.78,3.3812,-0.4409,1.2
276.98,3.4017,-0.4469,0.9
277.18,3.4107,-0.4549,2.1
277.38,3.4306,-0.4596,0.9
277.58,3.4482,-0.4643,0.5
277.88,3.4633,-0.4740,1.4
278.08,3.4882,-0.4806,3.4
278.28,3.5009,-0.4921,1.3
278.58,3.5203,-0.4929,1.3
278.78,3.5398,-0.4967,0.6
278.98,3.5484,-0.5041,2.3
279.18,3.5683,-0.5083,1.1
279.38,3.5839,-0.5114,0.7
279.58,3.5965,-0.5223,2.0
279.78,3.6182,-0.5279,1.4
280.08,3.6377,-0.5390,1.2
280.28,3.6427,-0.5370,1.9
280.48,3.6683,-0.5451,1.8
280.78,3.6860,-0.5566,2.3
281.08,3.7158,-0.5610,2.1
281.28,3.7298,-0.5700,1.5
281.48,3.7350,-0.5682,1.7
281.69,3.7613,-0.5748,2.2
281.98,3.7751,-0.5823,2.7
282.18,3.7922,-0.5850,1.1
282.39,3.8069,-0.5882,0.6
282.59,3.8137,-0.5969,1.7
282.79,3.8328,-0.6034,1.1
282.99,3.8453,-0.6066,1.0
283.19,3.8533,-0.6168,2.3
283.49,3.8808,-0.6232,3.0
283.69,3.8946,-0.6377,1.2
283.89,3.8996,-0.6360,1.8
284.19,3.9306,-0.6507,0.7
284.39,3.9390,-0.6617,2.2
284.69,3.9707,-0.6718,3.8
284.89,3.9832,-0.6842,1.4
285.19,4.0020,-0.6812,1.4
285.39,4.0216,-0.6869,0.5
285.69,4.0329,-0.6925,1.7
285.89,4.0598,-0.7005,2.1
286.09,4.0720,-0.7088,1.2
286.29,4.0752,-0.7033,2.3
286.49,4.0991,-0.7117,1.0
286.79,4.1178,-0.7226,1.3
286.99,4.1358,-0.7297,1.3
287.19,4.1479,-0.7339,0.9
287.39,4.1537,-0.7440,2.2
287.69,4.1848,-0.7515,4.0
287.89,4.1945,-0.7629,1.5
288.09,4.1950,-0.7539,2.6
288.29,4.2218,-0.7613,1.9
288.49,4.2352,-0.7722,1.3
288.69,4.2406,-0.7721,1.5
288.89,4.2672,-0.7800,3.6
289.19,4.2809,-0.7900,2.8
289.39,4.2984,-0.7920,1.2
289.59,4.3188,-0.7969,0.6
289.89,4.3274,-0.8012,1.8
290.09,4.3534,-0.8092,2.2
290.39,4.3706,-0.8191,2.3
290.59,4.3915,-0.8238,0.8
290.79,4.4104,-0.8293,0.6
291.09,4.4282,-0.8421,1.2
291.29,4.4494,-0.8456,3.4
291.49,4.4621,-0.8593,1.4
291.79,4.4848,-0.8649,0.8
291.99,4.5040,-0.8690,0.8
292.19,4.5115,-0.8739,2.8
292.39,4.5306,-0.8762,1.0
292.59,4.5497,-0.8798,0.6
292.79,4.5547,-0.8881,1.8
292.99,4.5667,-0.8909,0.6
293.19,4.5714,-0.8877,0.7
293.39,4.5622,-0.8921,3.1
293.60,4.5636,-0.8862,0.5
293.89,4.5612,-0.8881,1.3
294.09,4.5641,-0.8952,0.8
294.30,4.5694,-0.8884,2.9
294.50,4.5698,-0.8999,1.1
294.70,4.5703,-0.9087,0.7
295.00,4.5689,-0.8909,3.1
295.20,4.5682,-0.9047,1.5
295.40,4.5711,-0.9142,0.6
295.70,4.5762,-0.9300,0.8
295.90,4.5766,-0.9440,0.8
296.20,4.5804,-0.9572,1.5
296.40,4.5860,-0.9765,1.4
296.70,4.5962,-0.9918,1.4
296.90,4.6025,-1.0124,1.1
297.10,4.6035,-1.0222,0.8
297.30,4.6128,-1.0288,1.7
297.50,4.6195,-1.0472,1.1
297.70,4.6218,-1.0584,0.7
297.90,4.6302,-1.0646,1.9
298.10,4.6365,-1.0820,1.0
298.30,4.6419,-1.0943,0.7
298.50,4.6545,-1.1016,2.2
298.70,4.6622,-1.1196,1.7
298.90,4.6701,-1.1300,0.9
299.10,4.6871,-1.1356,2.6
299.30,4.6950,-1.1521,1.3
299.60,4.7156,-1.1676,1.5
299.80,4.7299,-1.1774,0.9
300.00,4.7349,-1.1859,1.8
300.20,4.7538,-1.1944,0.9
300.40,4.7662,-1.2034,0.6
300.60,4.7794,-1.2176,2.1
300.80,4.7985,-1.2262,1.7
301.10,4.8134,-1.2418,1.5
301.30,4.8179,-1.2380,2.0
301.50,4.8432,-1.2468,2.9
301.80,4.8584,-1.2591,2.6
302.00,4.8783,-1.2634,0.8
302.20,4.8976,-1.2670,1.0
302.40,4.9058,-1.2725,2.9
302.60,4.9245,-1.2738,1.2
302.80,4.9436,-1.2753,0.6
303.10,4.9579,-1.2813,1.7
303.30,4.9857,-1.2840,2.7
303.50,5.0014,-1.2918,1.2
303.70,5.0037,-1.2865,2.3
303.90,5.0299,-1.2867,1.5
304.20,5.0505,-1.2948,1.9
304.41,5.0736,-1.2962,1.0
304.61,5.0904,-1.2954,1.3
304.81,5.1000,-1.2977,3.4
305.01,5.1150,-1.2956,1.7
305.21,5.1296,-1.2948,0.9
305.41,5.1512,-1.3006,2.0
305.71,5.1761,-1.2965,3.7
305.91,5.1883,-1.3073,1.8
306.11,5.1897,-1.3062,2.3
306.31,5.2153,-1.3017,3.4
306.51,5.2328,-1.3099,1.3
306.81,5.2522,-1.3080,1.4
307.01,5.2700,-1.3065,0.7
307.21,5.2833,-1.3142,2.1
307.51,5.3130,-1.3109,4.3
307.81,5.3236,-1.3152,3.7
308.01,5.3329,-1.3124,1.8
308.21,5.3468,-1.3144,0.6
308.41,5.3635,-1.3193,1.3
308.61,5.3805,-1.3223,1.0
308.81,5.3890,-1.3226,0.9
309.01,5.3986,-1.3309,1.5
309.21,5.4200,-1.3353,1.0
309.51,5.4216,-1.3338,0.4
309.71,5.4188,-1.3331,0.4
309.91,5.4175,-1.3324,0.4
310.11,5.4156,-1.3316,0.3
310.31,5.4140,-1.3308,0.3
310.61,5.4110,-1.3295,0.3
310.81,5.4008,-1.3253,0.3
311.01,5.3867,-1.3160,0.7
311.21,5.3763,-1.3161,3.0
311.41,5.3746,-1.3077,2.1
311.61,5.3778,-1.2865,2.2
311.91,5.3644,-1.2796,0.5
312.11,5.3732,-1.2694,2.9
312.31,5.3693,-1.2526,2.0
312.51,5.3646,-1.2469,1.4
312.71,5.3798,-1.2408,4.3
313.01,5.3865,-1.2190,5.3
313.21,5.3922,-1.2243,1.0
313.41,5.4054,-1.2199,1.1
313.61,5.4130,-1.2097,2.0
313.81,5.4054,-1.2162,1.2
314.01,5.3909,-1.2174,1.1
314.31,5.3690,-1.2273,1.1
314.52,5.3502,-1.2301,1.3
314.81,5.3253,-1.2321,1.0
315.02,5.3049,-1.2363,0.9
315.32,5.2764,-1.2390,1.7
315.52,5.2658,-1.2373,1.0
315.82,5.2543,-1.2394,1.6
316.02,5.2309,-1.2360,2.5
316.22,5.2128,-1.2421,1.2
316.42,5.2072,-1.2405,1.3
316.62,5.1845,-1.2368,2.7
316.82,5.1644,-1.2435,1.3
317.12,5.1393,-1.2418,1.9
317.32,5.1212,-1.2409,1.6
317.52,5.1108,-1.2436,3.1
317.72,5.0946,-1.2397,1.0
317.92,5.0749,-1.2394,0.7
318.12,5.0540,-1.2464,3.2
318.42,5.0321,-1.2441,2.7
318.62,5.0159,-1.2490,1.2
318.92,4.9856,-1.2511,1.4
319.12,4.9696,-1.2489,1.0
319.32,4.9602,-1.2541,2.3
319.52,4.9434,-1.2488,1.2
319.72,4.9265,-1.2460,1.0
319.92,4.9135,-1.2536,2.8
320.12,4.8974,-1.2464,1.4
320.32,4.8866,-1.2450,1.0
320.52,4.8676,-1.2523,3.9
320.72,4.8521,-1.2448,1.5
320.92,4.8517,-1.2481,2.4
321.22,4.8180,-1.2501,0.5
321.52,4.7923,-1.2446,1.0
321.72,4.7756,-1.2504,3.2
321.92,4.7609,-1.2419,1.6
322.22,4.7396,-1.2431,1.4
322.42,4.7215,-1.2455,1.9
322.62,4.7180,-1.2438,3.8
322.82,4.7109,-1.2498,2.4
323.02,4.6928,-1.2498,0.4
323.22,4.6798,-1.2435,2.2
323.52,4.6530,-1.2486,4.0
323.72,4.6407,-1.2394,1.6
324.02,4.6254,-1.2429,1.8
324.22,4.6093,-1.2427,0.6
324.52,4.5813,-1.2358,0.6
324.72,4.5601,-1.2363,3.1
324.92,4.5459,-1.2270,1.5
325.12,4.5442,-1.2310,2.2
325.42,4.5073,-1.2283,0.5
325.62,4.4958,-1.2221,1.9
325.82,4.4729,-1.2213,1.1
326.03,4.4558,-1.2214,1.3
326.33,4.4468,-1.2221,2.4
326.63,4.4111,-1.2194,0.5
326.83,4.3974,-1.2124,2.2
327.03,4.3777,-1.2130,1.9
327.33,4.3612,-1.2066,1.5
327.53,4.3619,-1.2109,2.4
327.73,4.3383,-1.2125,1.9
327.93,4.3204,-1.2049,1.1
328.13,4.3102,-1.2006,1.0
328.33,4.2992,-1.2027,2.1
328.53,4.2838,-1.1920,1.3
328.73,4.2694,-1.1834,1.0
328.93,4.2532,-1.1832,2.1
329.13,4.2372,-1.1737,1.1
329.33,4.2240,-1.1650,0.8
329.53,4.2073,-1.1655,2.3
329.83,4.1885,-1.1485,3.1
330.03,4.1691,-1.1468,1.1
330.23,4.1625,-1.1449,1.3
330.43,4.1473,-1.1342,1.6
330.73,4.1222,-1.1299,3.1
331.03,4.1106,-1.1183,3.0
331.23,4.0915,-1.1150,1.1
331.43,4.0732,-1.1112,0.6
331.63,4.0649,-1.1040,2.2
331.93,4.0366,-1.0988,1.6
332.13,4.0237,-1.0900,1.0
332.33,4.0169,-1.0912,1.6
332.53,3.9941,-1.0834,1.1
332.73,3.9811,-1.0738,1.1
333.03,3.9592,-1.0638,1.1
333.23,3.9486,-1.0606,0.6
333.53,3.9379,-1.0541,1.6
333.73,3.9125,-1.0451,2.9
333.93,3.8986,-1.0324,1.2
334.13,3.8926,-1.0347,2.1
334.43,3.8610,-1.0191,0.5
334.63,3.8514,-1.0091,1.8
334.83,3.8317,-1.0013,1.1
335.03,3.8173,-0.9957,0.9
335.23,3.8096,-0.9867,2.0
335.43,3.7916,-0.9796,0.9
335.63,3.7769,-0.9732,0.7
335.83,3.7693,-0.9637,1.8
336.03,3.7499,-0.9544,1.2
336.23,3.7345,-0.9469,1.3
336.43,3.7261,-0.9374,2.2
336.63,3.7051,-0.9295,0.8
336.83,3.6884,-0.9225,0.7
337.04,3.6819,-0.9158,2.6
337.33,3.6535,-0.9076,1.6
337.54,3.6391,-0.8945,1.7
337.74,3.6305,-0.8891,1.1
338.04,3.6035,-0.8760,1.3
338.34,3.5932,-0.8728,2.4
338.54,3.5681,-0.8602,1.2
338.74,3.5530,-0.8468,1.5
338.94,3.5439,-0.8406,0.9
339.14,3.5232,-0.8338,3.6
339.34,3.5132,-0.8191,1.4
339.54,3.5077,-0.8209,1.9
339.84,3.4774,-0.8040,0.7
340.04,3.4718,-0.7953,1.8
340.24,3.4535,-0.7861,0.8
340.44,3.4400,-0.7799,0.5
340.64,3.4345,-0.7712,1.6
340.94,3.4109,-0.7601,2.0
341.14,3.3998,-0.7448,1.3
341.34,3.3915,-0.7376,0.5
341.54,3.3757,-0.7275,2.8
341.74,3.3663,-0.7110,1.5
341.94,3.3587,-0.7058,0.9
342.14,3.3430,-0.6907,2.0
342.34,3.3338,-0.6722,1.7
342.54,3.3271,-0.6634,0.7
342.74,3.3101,-0.6524,3.3
342.94,3.3031,-0.6330,1.4
343.14,3.2975,-0.6292,1.4
343.44,3.2782,-0.6028,0.5
343.64,3.2725,-0.5821,3.8
343.84,3.2546,-0.5713,1.8
344.04,3.2520,-0.5627,1.2
344.24,3.2427,-0.5381,4.0
344.44,3.2262,-0.5264,1.4
344.64,3.2270,-0.5186,1.7
344.84,3.2134,-0.4964,1.6
345.04,3.1979,-0.4825,1.6
345.24,3.1882,-0.4711,0.9
345.44,3.1825,-0.4577,1.7
345.74,3.1595,-0.4373,2.2
345.94,3.1504,-0.4184,1.7
346.14,3.1428,-0.4115,0.7
346.34,3.1260,-0.3953,2.4
346.64,3.1159,-0.3737,1.7
346.84,3.0996,-0.3571,1.3
347.14,3.0835,-0.3350,1.3
347.44,3.0650,-0.3203,0.9
347.64,3.0565,-0.3096,0.9
347.84,3.0448,-0.2889,2.8
348.14,3.0266,-0.2751,2.2
348.34,3.0158,-0.2560,1.1
348.55,3.0075,-0.2410,0.7
348.75,2.9968,-0.2335,2.1
348.95,2.9860,-0.2139,1.1
349.15,2.9779,-0.1990,0.7
349.35,2.9675,-0.1923,2.2
349.55,2.9583,-0.1722,1.2
349.75,2.9483,-0.1564,1.2
349.95,2.9360,-0.1486,1.9
350.15,2.9250,-0.1286,1.4
350.35,2.9154,-0.1141,1.0
350.55,2.9008,-0.1076,2.0
350.75,2.8887,-0.0878,1.8
350.95,2.8777,-0.0738,1.5
351.15,2.8647,-0.0672,1.9
351.35,2.8530,-0.0493,0.8
351.65,2.8320,-0.0306,1.9
351.95,2.8167,-0.0118,1.4
352.15,2.8077,-0.0082,1.3
352.35,2.7878,0.0075,2.2
352.55,2.7759,0.0253,1.7
352.75,2.7657,0.0323,0.7
353.05,2.7409,0.0549,1.2
353.25,2.7342,0.0660,1.8
353.45,2.7159,0.0785,1.0
353.65,2.7065,0.0883,1.1
353.95,2.6869,0.1131,0.8
354.25,2.6683,0.1284,0.8
354.45,2.6593,0.1453,2.4
354.65,2.6397,0.1560,2.2
354.85,2.6304,0.1670,1.3
355.05,2.6243,0.1798,2.3
355.35,2.5997,0.1968,1.8
355.55,2.5885,0.2151,1.7
355.75,2.5792,0.2231,0.5
355.95,2.5627,0.2341,2.8
356.25,2.5512,0.2555,1.7
356.55,2.5265,0.2751,2.5
356.75,2.5164,0.2938,1.6
356.95,2.5076,0.3007,0.7
357.25,2.4843,0.3245,0.9
357.45,2.4783,0.3369,1.5
357.65,2.4615,0.3518,0.9
357.85,2.4521,0.3623,0.7
358.05,2.4422,0.3835,3.7
358.35,2.4212,0.3960,2.1
358.55,2.4096,0.4159,1.5
358.85,2.3894,0.4351,1.3
359.05,2.3873,0.4431,1.4
359.26,2.3723,0.4636,2.2
359.56,2.3534,0.4765,1.9
359.86,2.3381,0.5045,3.6
360.06,2.3197,0.5145,1.3
360.26,2.3175,0.5225,1.6
360.46,2.3022,0.5431,2.2
360.66,2.2859,0.5537,1.6
360.86,2.2789,0.5627,0.9
361.06,2.2667,0.5833,3.7
361.26,2.2466,0.5926,1.2
361.46,2.2442,0.6006,1.5
361.76,2.2207,0.6255,0.6
361.96,2.2046,0.6313,3.1
362.16,2.1955,0.6495,1.6
362.36,2.1858,0.6560,0.6
362.56,2.1656,0.6696,3.3
362.76,2.1556,0.6875,1.4
363.06,2.1340,0.7001,0.9
363.26,2.1203,0.7112,0.7
363.46,2.1096,0.7308,4.0
363.66,2.0903,0.7389,1.6
363.86,2.0870,0.7470,1.4
364.16,2.0628,0.7737,1.1
364.36,2.0504,0.7795,1.9
364.56,2.0374,0.7972,1.0
364.76,2.0259,0.8100,0.6
365.06,2.0054,0.8233,0.8
365.26,1.9985,0.8341,1.7
365.46,1.9787,0.8463,1.0
365.76,1.9588,0.8664,1.6
365.96,1.9491,0.8731,0.6
366.16,1.9290,0.8821,4.0
366.46,1.9188,0.8976,2.7
366.66,1.8993,0.9037,0.8
366.96,1.8745,0.9228,1.3
367.16,1.8674,0.9220,1.8
367.36,1.8424,0.9347,2.1
367.66,1.8264,0.9502,2.1
367.86,1.8053,0.9588,1.2
368.16,1.7839,0.9742,1.5
368.36,1.7789,0.9701,2.4
368.56,1.7503,0.9820,1.9
368.76,1.7360,0.9937,1.5
368.96,1.7308,0.9913,2.2
369.16,1.7026,0.9986,2.4
369.46,1.6826,1.0075,2.5
369.66,1.6611,1.0110,0.8
369.87,1.6446,1.0144,0.5
370.17,1.6210,1.0265,0.7
370.47,1.5956,1.0322,1.9
370.77,1.5967,1.0307,2.7
370.97,1.5759,1.0309,1.6
371.27,1.5530,1.0464,2.2
371.47,1.5305,1.0501,2.2
371.77,1.5142,1.0614,2.0
371.97,1.5168,1.0539,2.7
372.17,1.4932,1.0534,2.5
372.37,1.4768,1.0644,1.7
372.57,1.4695,1.0644,1.4
372.87,1.4355,1.0722,1.4
373.07,1.4267,1.0781,3.1
373.27,1.4087,1.0791,1.5
373.47,1.3908,1.0810,0.7
373.67,1.3794,1.0896,1.6
373.87,1.3548,1.0954,1.4
374.07,1.3376,1.0982,1.7
374.27,1.3312,1.1010,3.9
374.47,1.3176,1.1010,1.3
374.67,1.3024,1.1038,0.5
374.97,1.2769,1.1146,0.8
375.17,1.2566,1.1140,4.0
375.37,1.2445,1.1278,1.9
375.57,1.2419,1.1233,2.3
375.77,1.2140,1.1257,2.1
375.97,1.2000,1.1319,1.3
376.17,1.1972,1.1267,2.0
376.37,1.1719,1.1278,1.2
376.67,1.1525,1.1354,1.9
376.87,1.1292,1.1369,1.0
377.07,1.1138,1.1363,1.1
377.27,1.1052,1.1388,3.3
377.57,1.0795,1.1361,0.9
377.77,1.0610,1.1407,1.4
378.07,1.0355,1.1418,2.2
378.27,1.0215,1.1424,1.7
378.57,1.0233,1.1411,2.4
378.77,1.0024,1.1383,1.2
379.07,0.9751,1.1463,2.1
379.27,0.9579,1.1453,1.6
379.47,0.9491,1.1455,1.3
379.67,0.9381,1.1555,2.6
379.87,0.9179,1.1574,1.0
380.07,0.8999,1.1584,1.3
380.27,0.8899,1.1618,3.3
380.47,0.8721,1.1603,1.3
380.67,0.8556,1.1584,0.7
380.97,0.8323,1.1675,0.9
381.17,0.8139,1.1623,4.4
381.37,0.8032,1.1731,1.9
381.57,0.8057,1.1680,2.5
381.77,0.7819,1.1662,1.5
381.98,0.7621,1.1737,1.4
382.28,0.7362,1.1770,1.8
382.48,0.7257,1.1784,1.5
382.68,0.7183,1.1859,2.9
382.88,0.7002,1.1847,1.1
383.18,0.6730,1.1898,1.0
383.38,0.6686,1.1852,2.2
383.58,0.6413,1.1898,0.9
383.78,0.6215,1.1952,1.1
383.98,0.6115,1.1994,0.8
384.28,0.5872,1.2018,1.0
384.48,0.5790,1.2102,2.5
384.78,0.5524,1.2107,2.2
385.08,0.5380,1.2160,3.0
385.38,0.5146,1.2166,0.9
385.58,0.4968,1.2231,0.9
385.78,0.4859,1.2272,0.7
385.98,0.4679,1.2300,2.5
386.18,0.4574,1.2382,1.1
386.48,0.4349,1.2422,0.9
386.68,0.4188,1.2445,0.6
386.98,0.4058,1.2507,1.2
387.18,0.3862,1.2569,1.9
387.38,0.3754,1.2666,1.2
387.58,0.3722,1.2672,0.5
387.88,0.3765,1.2648,0.4
388.08,0.3772,1.2642,0.3
388.28,0.3793,1.2629,0.3
388.48,0.3807,1.2620,0.3
388.68,0.3825,1.2609,0.2
388.88,0.3866,1.2594,0.3
389.08,0.3841,1.2608,0.7
389.28,0.3953,1.2549,1.3
389.48,0.4057,1.2527,2.7
389.68,0.3979,1.2364,6.1
389.88,0.3980,1.2168,1.3
390.08,0.4046,1.2103,1.9
390.28,0.3899,1.2008,3.6
390.58,0.3860,1.1768,4.6
390.78,0.3798,1.1779,1.9
390.98,0.3594,1.1787,2.4
391.18,0.3529,1.1664,4.1
391.48,0.3435,1.1724,2.5
391.68,0.3481,1.1682,1.3
391.98,0.3723,1.1702,0.9
392.18,0.3863,1.1717,1.0
392.39,0.4083,1.1689,2.3
392.68,0.4311,1.1762,2.6
392.89,0.4513,1.1707,1.6
393.09,0.4646,1.1699,1.3
393.29,0.4809,1.1800,3.2
393.49,0.5004,1.1741,1.4
393.69,0.5106,1.1747,1.1
393.99,0.5426,1.1801,0.8
394.19,0.5556,1.1767,2.1
394.39,0.5740,1.1806,0.8
394.69,0.6035,1.1803,1.6
394.89,0.6168,1.1788,1.0
395.09,0.6317,1.1864,2.4
395.39,0.6576,1.1772,3.9
395.59,0.6759,1.1862,1.4
395.79,0.6800,1.1842,1.4
395.99,0.7041,1.1789,3.6
396.29,0.7246,1.1851,2.4
396.49,0.7408,1.1805,1.1
396.69,0.7579,1.1769,1.0
396.89,0.7724,1.1842,2.6
397.09,0.7922,1.1785,1.5
397.29,0.8055,1.1768,0.8
397.49,0.8208,1.1847,3.0
397.79,0.8434,1.1777,2.2
397.99,0.8623,1.1802,1.1
398.19,0.8781,1.1823,1.0
398.49,0.8973,1.1780,1.5
398.79,0.9308,1.1809,0.9
398.99,0.9401,1.1774,2.9
399.29,0.9640,1.1829,1.2
399.59,0.9917,1.1791,1.7
399.79,1.0120,1.1812,1.4
399.99,1.0266,1.1823,1.0
400.19,1.0383,1.1759,2.7
400.49,1.0661,1.1825,2.7
400.69,1.0843,1.1788,1.0
400.89,1.0858,1.1850,2.8
401.09,1.1118,1.1848,1.2
401.29,1.1338,1.1828,0.8
401.59,1.1601,1.1818,1.2
401.79,1.1753,1.1843,0.8
401.99,1.1851,1.1807,2.7
402.19,1.2029,1.1851,1.0
402.39,1.2212,1.1872,0.6
402.59,1.2411,1.1819,3.0
402.89,1.2616,1.1868,2.1
403.19,1.2898,1.1786,3.0
403.39,1.3105,1.1826,1.2
403.59,1.3169,1.1809,1.3
403.80,1.3399,1.1767,2.3
404.00,1.3591,1.1807,1.7
404.20,1.3666,1.1809,1.6
404.40,1.3854,1.1706,3.3
404.70,1.4093,1.1795,3.2
405.00,1.4268,1.1681,2.6
405.20,1.4461,1.1703,1.2
405.40,1.4624,1.1718,1.7
405.60,1.4702,1.1685,3.5
405.80,1.4833,1.1708,1.6
406.00,1.4987,1.1697,1.0
406.20,1.5201,1.1649,1.5
406.40,1.5412,1.1647,1.6
406.60,1.5552,1.1651,0.8
406.80,1.5629,1.1593,3.1
407.10,1.5875,1.1631,1.2
407.30,1.6064,1.1579,0.9
407.60,1.6321,1.1554,1.3
407.80,1.6487,1.1561,1.4
408.00,1.6575,1.1517,3.4
408.30,1.6781,1.1574,1.5
408.50,1.6994,1.1518,1.2
408.70,1.7125,1.1484,1.1
408.90,1.7329,1.1543,4.3
409.10,1.7450,1.1447,1.7
409.40,1.7557,1.1504,2.0
409.70,1.7877,1.1468,1.2
409.90,1.8000,1.1427,0.9
410.10,1.8172,1.1480,3.4
410.40,1.8342,1.1359,2.9
410.60,1.8515,1.1368,1.1
410.80,1.8703,1.1375,1.0
411.00,1.8804,1.1341,2.8
411.20,1.8994,1.1349,1.2
411.40,1.9171,1.1358,0.6
411.60,1.9314,1.1285,2.4
411.80,1.9499,1.1308,1.5
412.00,1.9607,1.1309,1.3
412.30,1.9677,1.1270,2.1
412.50,1.9915,1.1272,1.4
412.70,2.0115,1.1202,1.2
412.90,2.0238,1.1149,1.0
413.20,2.0463,1.1170,1.3
413.40,2.0547,1.1072,3.0
413.70,2.0804,1.1103,3.2
413.90,2.0972,1.1001,1.2
414.10,2.1004,1.1032,2.0
414.30,2.1268,1.0991,1.1
414.50,2.1444,1.0910,1.5
414.71,2.1532,1.0841,0.8
414.91,2.1541,1.0928,3.2
415.11,2.1559,1.0846,0.7
415.41,2.1628,1.0813,1.1
415.61,2.1618,1.0831,1.3
415.81,2.1675,1.0707,3.1
416.01,2.1715,1.0753,1.3
416.21,2.1624,1.0793,1.8
416.41,2.1701,1.0680,1.2
416.71,2.1741,1.0714,2.1
416.91,2.1726,1.0650,1.0
417.11,2.1711,1.0587,0.8
417.31,2.1778,1.0621,2.7
417.51,2.1780,1.0531,1.4
417.71,2.1793,1.0441,0.9
418.01,2.1981,1.0208,0.7
418.21,2.2004,1.0089,1.8
418.41,2.2143,0.9942,1.2
418.71,2.2264,0.9746,1.4
418.91,2.2306,0.9786,2.2
419.11,2.2483,0.9616,1.4
419.31,2.2591,0.9437,1.5
419.51,2.2664,0.9329,1.1
419.81,2.2839,0.9209,0.8
420.01,2.2960,0.9012,3.6
420.21,2.3149,0.8924,1.3
420.51,2.3322,0.8752,1.2
420.71,2.3437,0.8633,0.8
420.91,2.3583,0.8592,1.9
421.11,2.3725,0.8457,1.2
421.31,2.3826,0.8373,0.8
421.61,2.4015,0.8287,0.8
421.81,2.4160,0.8181,1.8
422.01,2.4374,0.8123,2.0
422.31,2.4562,0.7996,1.7
422.51,2.4543,0.8083,2.4
422.81,2.4854,0.8004,0.6
423.01,2.5024,0.7909,1.8
423.31,2.5356,0.7858,4.0
423.51,2.5484,0.7742,1.5
423.71,2.5485,0.7815,2.1
423.91,2.5735,0.7791,1.7
424.11,2.5905,0.7706,1.3
424.31,2.5988,0.7694,1.4
424.51,2.6255,0.7678,3.9
424.82,2.6402,0.7618,4.1
425.11,2.6566,0.7652,1.1
425.32,2.6797,0.7575,1.3
425.52,2.6913,0.7532,0.6
425.72,2.7048,0.7544,2.3
426.02,2.7250,0.7397,2.2
426.22,2.7481,0.7369,2.0
426.42,2.7626,0.7336,2.0
426.62,2.7663,0.7295,4.1
426.82,2.7746,0.7345,2.4
427.12,2.8040,0.7257,1.4
427.32,2.8169,0.7185,0.9
427.52,2.8317,0.7199,2.3
427.72,2.8481,0.7080,1.5
427.92,2.8624,0.6999,1.0
428.22,2.8756,0.6985,0.4
428.42,2.8717,0.7004,0.3
428.62,2.8703,0.7008,0.2
428.82,2.8684,0.7015,0.2
429.02,2.8668,0.7020,0.2
429.22,2.8648,0.7028,0.2
429.42,2.8629,0.7034,0.2
429.62,2.8583,0.7040,0.3
429.82,2.8518,0.7086,0.9
430.02,2.8400,0.7087,2.9
430.32,2.8395,0.7257,5.3
430.62,2.8251,0.7480,6.2
430.82,2.8400,0.7452,1.8
431.02,2.8480,0.7541,1.1
431.32,2.8412,0.7558,1.2
431.52,2.8450,0.7507,2.0
431.72,2.8361,0.7395,0.7
432.02,2.8215,0.7138,1.7
432.22,2.8154,0.6993,1.4
432.42,2.8078,0.6916,2.8
432.62,2.8031,0.6721,1.0
432.82,2.7980,0.6539,0.6
433.02,2.7903,0.6457,2.4
433.22,2.7840,0.6244,0.9
433.42,2.7806,0.6082,0.4
433.72,2.7729,0.5917,1.2
433.92,2.7647,0.5679,2.0
434.12,2.7571,0.5580,1.2
434.32,2.7608,0.5541,1.9
434.52,2.7547,0.5287,1.6
434.82,2.7464,0.5131,1.8
435.02,2.7423,0.4937,0.8
435.22,2.7403,0.4821,0.6
435.42,2.7322,0.4742,1.6
435.63,2.7249,0.4540,0.8
435.92,2.7156,0.4360,1.1
436.23,2.7095,0.4138,1.0
436.43,2.7057,0.3996,0.6
436.63,2.6944,0.3869,1.8
436.93,2.6871,0.3559,4.0
437.13,2.6753,0.3460,1.6
437.33,2.6829,0.3472,2.1
437.53,2.6766,0.3250,0.8
437.73,2.6655,0.3060,1.3
437.93,2.6588,0.2935,0.8
438.23,2.6499,0.2679,1.1
438.43,2.6455,0.2591,3.4
438.63,2.6433,0.2406,0.7
438.93,2.6374,0.2196,1.1
439.13,2.6430,0.2172,2.2
439.33,2.6379,0.1912,1.0
439.53,2.6303,0.1748,1.2
439.73,2.6280,0.1647,0.8
439.93,2.6249,0.1430,2.9
440.23,2.6180,0.1300,3.1
440.43,2.6170,0.1118,1.4
440.73,2.6110,0.0850,1.1
440.93,2.6074,0.0730,0.6
441.13,2.6053,0.0505,3.3
441.33,2.5971,0.0386,1.3
441.63,2.5992,0.0219,1.4
441.83,2.5978,0.0065,0.5
442.03,2.5917,-0.0097,1.1
442.23,2.5868,-0.0332,1.3
442.53,2.5840,-0.0506,1.3
442.73,2.5903,-0.0510,2.0
442.93,2.5901,-0.0746,1.0
443.13,2.5840,-0.0935,1.4
443.33,2.5800,-0.1050,0.9
443.53,2.5844,-0.1242,4.1
443.73,2.5729,-0.1343,1.9
443.93,2.5763,-0.1323,2.5
444.13,2.5787,-0.1546,2.0
444.33,2.5708,-0.1720,1.3
444.53,2.5686,-0.1824,1.0
444.83,2.5644,-0.2117,1.0
445.03,2.5596,-0.2181,3.0
445.23,2.5601,-0.2347,1.3
445.43,2.5596,-0.2525,0.6
445.63,2.5497,-0.2655,2.4
445.83,2.5495,-0.2864,1.9
446.03,2.5465,-0.2989,1.5
446.23,2.5417,-0.3038,3.3
446.53,2.5430,-0.3244,1.2
446.73,2.5345,-0.3430,1.1
446.94,2.5290,-0.3528,0.5
447.24,2.5337,-0.3541,1.1
447.44,2.5239,-0.3557,2.3
447.64,2.5224,-0.3672,1.4
447.94,2.5141,-0.3731,1.5
448.14,2.5102,-0.3738,1.2
448.44,2.5132,-0.3804,0.8
448.64,2.5064,-0.3751,3.0
448.84,2.5097,-0.3801,1.7
449.14,2.5072,-0.3765,1.7
449.34,2.5096,-0.3753,0.8
449.54,2.5246,-0.3771,3.8
449.74,2.5197,-0.3685,1.3
449.94,2.5171,-0.3654,0.8
450.14,2.5307,-0.3737,6.0
450.34,2.5327,-0.3611,3.1
450.54,2.5455,-0.3591,5.2
450.74,2.5396,-0.3770,3.3
450.94,2.5212,-0.3796,1.4
451.14,2.5050,-0.3793,1.6
451.34,2.4942,-0.3854,2.0
451.54,2.4773,-0.3852,1.0
451.74,2.4663,-0.3853,0.8
451.94,2.4538,-0.3948,2.2
452.14,2.4327,-0.3967,1.7
452.34,2.4190,-0.3994,1.1
452.64,2.4054,-0.4081,1.0
452.84,2.3846,-0.4129,3.1
453.04,2.3697,-0.4282,1.5
453.24,2.3617,-0.4309,1.1
453.54,2.3361,-0.4434,1.1
453.74,2.3266,-0.4593,2.6
453.94,2.3063,-0.4661,1.9
454.24,2.2868,-0.4856,1.8
454.44,2.2753,-0.4946,1.2
454.64,2.2623,-0.4988,1.9
454.94,2.2430,-0.5213,1.5
455.14,2.2223,-0.5315,2.1
455.34,2.2110,-0.5392,1.1
455.64,2.1967,-0.5576,0.8
455.84,2.1778,-0.5657,3.0
456.04,2.1682,-0.5839,1.4
456.24,2.1593,-0.5912,0.6
456.44,2.1429,-0.6000,3.2
456.64,2.1337,-0.6200,1.3
456.94,2.1154,-0.6350,1.5
457.14,2.1074,-0.6447,0.8
457.34,2.1017,-0.6652,3.5
457.54,2.0854,-0.6730,1.6
457.85,2.0763,-0.6942,0.9
458.05,2.0686,-0.7119,1.1
458.35,2.0662,-0.7221,2.5
458.55,2.0565,-0.7478,1.7
458.75,2.0465,-0.7607,1.3
459.05,2.0418,-0.7841,0.8
459.25,2.0403,-0.8010,0.8
459.45,2.0347,-0.8084,2.7
459.75,2.0323,-0.8351,1.1
459.95,2.0241,-0.8501,1.3
460.25,2.0157,-0.8758,1.4
460.45,2.0134,-0.8903,1.3
460.75,2.0161,-0.8933,2.1
460.95,2.0115,-0.9165,0.9
461.25,2.0002,-0.9373,1.3
461.45,1.9935,-0.9601,1.4
461.65,1.9921,-0.9717,0.6
461.85,1.9890,-0.9757,3.4
462.05,1.9878,-0.9918,1.0
462.35,1.9805,-1.0140,0.8
462.55,1.9805,-1.0213,1.2
462.85,1.9728,-1.0485,0.6
463.05,1.9661,-1.0570,1.7
463.25,1.9609,-1.0771,0.8
463.55,1.9528,-1.0958,0.8
463.85,1.9458,-1.1177,0.7
464.05,1.9436,-1.1293,0.6
464.25,1.9360,-1.1381,1.7
464.45,1.9288,-1.1583,0.7
464.65,1.9266,-1.1708,0.6
464.85,1.9213,-1.1768,2.5
465.05,1.9161,-1.1955,0.8
465.25,1.9138,-1.2079,0.5
465.45,1.9056,-1.2153,1.6
465.75,1.8965,-1.2421,1.9
465.95,1.8877,-1.2512,1.0
466.15,1.8908,-1.2556,2.1
466.35,1.8799,-1.2797,1.1
466.55,1.8699,-1.2909,1.2
466.85,1.8583,-1.3122,0.9
467.05,1.8543,-1.3235,0.5
467.25,1.8482,-1.3263,1.8
467.45,1.8404,-1.3443,0.8
467.65,1.8343,-1.3584,0.6
467.95,1.8275,-1.3648,1.5
468.15,1.8165,-1.3830,2.3
468.35,1.8031,-1.3909,1.3
468.65,1.7899,-1.4069,0.8
468.86,1.7808,-1.4192,0.9
469.06,1.7699,-1.4229,1.9
469.26,1.7569,-1.4374,1.0
469.46,1.7466,-1.4484,0.9
469.76,1.7365,-1.4539,0.2
469.96,1.7393,-1.4518,0.1
470.16,1.7410,-1.4501,0.3
470.36,1.7428,-1.4494,0.1
470.56,1.7445,-1.4483,0.1
470.86,1.7470,-1.4468,0.1
471.06,1.7468,-1.4470,0.8
471.26,1.7287,-1.4551,1.5
471.46,1.7081,-1.4647,0.8
471.66,1.6999,-1.4724,1.0
471.86,1.6826,-1.4792,1.7
472.06,1.6633,-1.4877,0.7
472.26,1.6530,-1.4945,0.6
472.56,1.6306,-1.5019,1.0
472.76,1.6124,-1.5109,1.2
473.06,1.5912,-1.5253,1.3
473.26,1.5718,-1.5316,1.3
473.46,1.5591,-1.5355,0.7
473.66,1.5489,-1.5458,1.8
473.86,1.5306,-1.5491,1.7
474.06,1.5210,-1.5511,0.9
474.26,1.5120,-1.5594,1.7
474.46,1.4958,-1.5598,1.0
474.66,1.4874,-1.5589,1.0
474.86,1.4778,-1.5671,2.0
475.06,1.4632,-1.5642,1.9
475.26,1.4571,-1.5606,0.5
475.46,1.4601,-1.5665,2.3
475.66,1.4680,-1.5602,1.2
475.86,1.4706,-1.5531,1.2
476.16,1.4799,-1.5770,1.9
476.36,1.4942,-1.5766,4.1
476.56,1.4915,-1.5847,1.7
476.76,1.4881,-1.6038,2.3
476.96,1.5062,-1.6128,6.4
477.16,1.4913,-1.6132,2.0
477.46,1.4848,-1.6349,1.8
477.76,1.4781,-1.6369,1.2
477.96,1.4672,-1.6422,0.9
478.16,1.4702,-1.6556,4.6
478.36,1.4655,-1.6466,1.3
478.66,1.4770,-1.6414,0.9
478.86,1.4906,-1.6364,0.8
479.07,1.4935,-1.6254,2.8
479.36,1.5161,-1.6216,2.5
479.56,1.5285,-1.6051,1.7
479.77,1.5386,-1.5984,1.2
479.97,1.5531,-1.5943,1.9
480.17,1.5696,-1.5789,1.0
480.37,1.5822,-1.5675,1.0
480.57,1.5959,-1.5630,1.5
480.87,1.6188,-1.5428,1.9
481.07,1.6394,-1.5358,1.8
481.27,1.6509,-1.5292,0.8
481.57,1.6719,-1.5132,1.1
481.87,1.6904,-1.5045,1.2
482.07,1.7109,-1.4913,1.9
482.27,1.7330,-1.4852,2.0
482.57,1.7532,-1.4707,1.7
482.87,1.7784,-1.4628,1.5
483.07,1.7855,-1.4576,1.1
483.27,1.8055,-1.4462,1.4
483.47,1.8274,-1.4410,1.4
483.77,1.8470,-1.4297,1.2
483.97,1.8579,-1.4249,0.9
484.27,1.8845,-1.4208,1.2
484.47,1.8945,-1.4082,2.4
484.67,1.9169,-1.4040,1.7
484.97,1.9404,-1.3911,1.3
485.17,1.9454,-1.3962,2.3
485.47,1.9807,-1.3851,0.6
485.67,1.9941,-1.3758,1.7
485.87,2.0179,-1.3713,1.8
486.17,2.0399,-1.3599,1.5
486.47,2.0625,-1.3594,1.1
486.67,2.0801,-1.3584,0.8
486.87,2.0922,-1.3481,2.2
487.07,2.1148,-1.3462,2.1
487.27,2.1303,-1.3429,1.7
487.47,2.1395,-1.3360,2.4
487.67,2.1598,-1.3360,1.1
487.87,2.1778,-1.3343,0.7
488.07,2.1896,-1.3242,2.4
488.27,2.2108,-1.3238,1.8
488.57,2.2314,-1.3143,1.5
488.77,2.2357,-1.3191,1.9
488.97,2.2608,-1.3174,2.0
489.17,2.2732,-1.3121,1.2
489.37,2.2778,-1.3139,1.2
489.67,2.3113,-1.3145,1.5
489.97,2.3175,-1.3160,2.3
490.17,2.3405,-1.3157,1.0
490.37,2.3604,-1.3153,0.6
490.67,2.3862,-1.3160,1.0
490.88,2.3928,-1.3193,0.8
491.08,2.3957,-1.3139,2.0
491.28,2.4055,-1.3199,0.8
491.58,2.4159,-1.3233,1.2
491.78,2.4109,-1.3201,1.9
492.08,2.4182,-1.3328,1.2
492.28,2.4155,-1.3275,2.6
492.48,2.4203,-1.3410,1.1
492.78,2.4438,-1.3566,1.5
492.98,2.4521,-1.3607,0.7
493.18,2.4574,-1.3705,2.5
493.38,2.4749,-1.3736,1.6
493.58,2.4888,-1.3781,1.2
493.78,2.4924,-1.3823,3.2
493.98,2.5083,-1.3811,1.1
494.18,2.5242,-1.3812,0.6
494.38,2.5276,-1.3867,2.7
494.58,2.5440,-1.3857,0.9
494.88,2.5650,-1.3888,1.1
495.08,2.5642,-1.3830,2.4
495.38,2.6004,-1.3836,0.6
495.58,2.6195,-1.3911,2.9
495.78,2.6406,-1.3884,1.2
496.08,2.6638,-1.3926,1.5
496.38,2.6898,-1.3899,1.2
496.58,2.7000,-1.3892,1.1
496.88,2.7282,-1.3940,1.2
497.08,2.7415,-1.3863,2.2
497.28,2.7587,-1.3887,1.2
497.48,2.7762,-1.3898,1.1
497.68,2.7905,-1.3810,2.3
497.88,2.8098,-1.3831,1.7
498.18,2.8346,-1.3745,1.4
498.38,2.8417,-1.3763,1.4
498.58,2.8675,-1.3760,3.3
498.78,2.8854,-1.3657,1.3
498.98,2.8923,-1.3685,1.6
499.18,2.9164,-1.3661,2.3
499.48,2.9342,-1.3587,2.3
499.68,2.9530,-1.3583,0.9
499.88,2.9670,-1.3576,0.9
500.18,2.9938,-1.3486,0.8
500.38,3.0152,-1.3490,3.7
500.58,3.0307,-1.3378,1.4
500.78,3.0358,-1.3413,1.6
500.98,3.0605,-1.3400,2.5
501.28,3.0752,-1.3338,2.6
501.49,3.0930,-1.3353,1.0
501.69,3.1090,-1.3352,0.6
501.89,3.1280,-1.3291,2.2
502.09,3.1498,-1.3304,1.8
502.39,3.1701,-1.3240,1.4
502.59,3.1807,-1.3224,1.2
502.89,3.2126,-1.3243,1.5
503.09,3.2238,-1.3188,2.6
503.29,3.2416,-1.3220,1.1
503.59,3.2692,-1.3188,1.3
503.89,3.2945,-1.3197,1.7
504.19,3.3210,-1.3124,1.5
504.39,3.3275,-1.3139,1.4
504.59,3.3529,-1.3165,3.6
504.79,3.3721,-1.3066,1.3
504.99,3.3789,-1.3097,1.5
505.19,3.4035,-1.3087,2.3
505.49,3.4204,-1.3032,2.3
505.69,3.4397,-1.3044,0.8
505.89,3.4565,-1.3053,0.7
506.09,3.4726,-1.2971,2.4
506.29,3.4940,-1.2993,1.9
506.59,3.5141,-1.2894,1.6
506.79,3.5177,-1.2915,2.0
506.99,3.5406,-1.2936,2.6
507.29,3.5586,-1.2847,2.1
507.49,3.5779,-1.2858,1.1
507.69,3.5964,-1.2864,0.9
507.89,3.6058,-1.2809,2.4
508.09,3.6227,-1.2824,1.2
508.29,3.6395,-1.2823,0.8
508.59,3.6691,-1.2745,0.7
508.79,3.6864,-1.2780,2.5
508.99,3.7031,-1.2697,1.3
509.19,3.7167,-1.2658,0.9
509.39,3.7330,-1.2684,1.8
509.69,3.7605,-1.2566,3.5
509.89,3.7778,-1.2582,1.2
510.09,3.7768,-1.2530,2.4
510.29,3.8004,-1.2474,1.4
510.49,3.8237,-1.2460,1.3
510.79,3.8478,-1.2405,1.4
510.99,3.8528,-1.2423,1.7
511.29,3.8883,-1.2427,1.2
511.49,3.8998,-1.2364,2.4
511.69,3.9188,-1.2386,1.0
511.99,3.9420,-1.2355,1.2
512.19,3.9498,-1.2379,1.3
512.49,3.9825,-1.2387,1.0
512.69,3.9959,-1.2306,2.2
512.99,4.0268,-1.2356,3.9
513.19,4.0441,-1.2282,1.3
513.40,4.0449,-1.2342,2.5
513.60,4.0723,-1.2341,1.2
513.80,4.0954,-1.2308,1.1
514.00,4.1086,-1.2278,0.7
514.20,4.1247,-1.2317,2.0
514.40,4.1474,-1.2264,1.3
514.60,4.1636,-1.2223,0.8
514.80,4.1757,-1.2264,2.2
515.00,4.1917,-1.2217,1.1
515.20,4.2076,-1.2197,0.7
515.50,4.2368,-1.2229,1.2
515.70,4.2506,-1.2149,2.5
515.90,4.2696,-1.2186,1.5
516.20,4.2952,-1.2156,1.5
516.50,4.3085,-1.2226,1.5
516.80,4.3406,-1.2211,1.4
517.00,4.3535,-1.2178,0.8
517.20,4.3669,-1.2218,2.3
517.40,4.3840,-1.2178,1.0
517.70,4.4167,-1.2165,1.4
517.90,4.4312,-1.2187,1.2
518.10,4.4447,-1.2107,2.5
518.30,4.4648,-1.2142,1.7
518.50,4.4837,-1.2177,1.5
518.80,4.4838,-1.2207,2.4
519.10,4.5116,-1.2210,0.9
519.30,4.5333,-1.2204,1.0
519.50,4.5542,-1.2227,1.1
519.70,4.5661,-1.2258,0.9
519.90,4.5815,-1.2185,3.0
520.10,4.5973,-1.2254,1.3
520.40,4.6206,-1.2246,1.2
520.60,4.6371,-1.2216,1.4
520.80,4.6459,-1.2257,3.2
521.10,4.6657,-1.2211,1.2
521.30,4.6888,-1.2239,0.9
521.50,4.7022,-1.2265,1.0
521.70,4.7218,-1.2225,3.0
521.90,4.7369,-1.2288,1.5
522.10,4.7395,-1.2257,2.2
522.30,4.7652,-1.2229,1.7
522.60,4.7852,-1.2289,2.2
522.80,4.8070,-1.2262,1.1
523.00,4.8257,-1.2226,1.3
523.30,4.8318,-1.2208,2.7
523.50,4.8567,-1.2201,1.6
523.70,4.8774,-1.2205,0.8
524.00,4.9034,-1.2200,0.7
524.30,4.9353,-1.2213,1.6
524.51,4.9484,-1.2252,1.0
524.81,4.9430,-1.2269,2.7
525.11,4.9565,-1.2252,2.1
525.31,4.9798,-1.2302,2.1
525.51,4.9958,-1.2316,1.2
525.71,5.0022,-1.2270,2.7
525.91,5.0275,-1.2293,1.2
526.21,5.0514,-1.2314,1.5
526.41,5.0720,-1.2287,0.9
526.61,5.0876,-1.2261,0.7
526.81,5.1016,-1.2307,2.2
527.01,5.1218,-1.2270,1.0
527.21,5.1378,-1.2239,0.6
527.41,5.1491,-1.2293,2.3
527.61,5.1690,-1.2235,1.2
527.81,5.1857,-1.2197,0.8
528.01,5.1935,-1.2232,2.7
528.31,5.2105,-1.2167,1.6
528.51,5.2284,-1.2154,0.9
528.71,5.2364,-1.2126,0.7
528.91,5.2542,-1.2097,0.9
529.11,5.2727,-1.2081,1.0
529.31,5.2836,-1.2080,1.0
529.51,5.2951,-1.1985,2.2
529.71,5.3140,-1.1977,1.4
529.91,5.3254,-1.1967,0.9
530.21,5.3371,-1.1844,0.8
530.41,5.3548,-1.1844,3.6
530.61,5.3663,-1.1678,1.2
530.81,5.3760,-1.1608,0.7
531.01,5.3908,-1.1598,3.2
531.21,5.4013,-1.1417,1.2
531.41,5.4129,-1.1291,1.0
531.61,5.4236,-1.1263,2.0
531.81,5.4338,-1.1090,0.9
532.01,5.4436,-1.0949,0.6
532.21,5.4549,-1.0918,2.4
532.41,5.4659,-1.0741,1.0
532.61,5.4742,-1.0589,1.1
532.91,5.4729,-1.0556,2.9
533.11,5.4829,-1.0299,2.3
533.31,5.4937,-1.0162,1.1
533.51,5.4883,-1.0118,2.3
533.81,5.4977,-0.9800,0.6
534.11,5.4983,-0.9724,2.0
534.31,5.5044,-0.9474,0.8
534.62,5.5158,-0.9253,2.1
534.82,5.5195,-0.9010,1.5
535.12,5.5292,-0.8800,1.6
535.32,5.5225,-0.8826,2.1
535.52,5.5226,-0.8627,0.9
535.82,5.5320,-0.8381,1.7
536.02,5.5348,-0.8134,1.4
536.22,5.5357,-0.7954,1.2
536.42,5.5400,-0.7882,3.5
536.62,5.5362,-0.7778,1.7
536.82,5.5342,-0.7599,1.0
537.02,5.5449,-0.7423,3.2
537.22,5.5421,-0.7206,1.2
537.52,5.5463,-0.7068,1.7
537.72,5.5462,-0.7042,2.6
537.92,5.5424,-0.6792,1.9
538.12,5.5478,-0.6590,1.3
538.32,5.5458,-0.6532,1.9
538.52,5.5424,-0.6263,2.8
538.72,5.5474,-0.6062,1.3
538.92,5.5427,-0.6033,2.5
539.12,5.5397,-0.5748,1.4
539.32,5.5426,-0.5534,1.4
539.52,5.5435,-0.5431,1.6
539.72,5.5359,-0.5189,4.4
539.92,5.5428,-0.5024,1.6
540.12,5.5362,-0.5058,2.6
540.42,5.5343,-0.4778,1.3
540.72,5.5362,-0.4498,1.2
540.92,5.5292,-0.4292,3.3
541.12,5.5334,-0.4101,1.3
541.32,5.5280,-0.4094,2.6
541.52,5.5242,-0.3854,1.3
541.72,5.5233,-0.3627,0.9
541.92,5.5259,-0.3469,1.1
542.12,5.5186,-0.3334,2.4
542.32,5.5213,-0.3123,1.2
542.52,5.5230,-0.2932,0.9
542.82,5.5187,-0.2785,1.3
543.02,5.5200,-0.2541,2.8
543.22,5.5141,-0.2364,1.2
543.42,5.5186,-0.2348,2.3
543.72,5.5213,-0.1991,0.7
543.92,5.5135,-0.1855,2.9
544.12,5.5191,-0.1658,1.4
544.32,5.5201,-0.1531,1.0
544.52,5.5107,-0.1326,4.1
544.72,5.5173,-0.1163,1.6
545.02,5.5091,-0.1035,1.5
545.22,5.5053,-0.0876,0.8
545.42,5.5100,-0.0646,3.7
545.62,5.5026,-0.0462,1.2
545.82,5.5049,-0.0432,1.4
546.12,5.5085,-0.0078,0.9
546.33,5.5018,0.0030,2.2
546.53,5.5055,0.0194,1.2
546.83,5.5030,0.0487,1.1
547.03,5.5039,0.0531,1.7
547.23,5.5095,0.0787,3.7
547.53,5.5043,0.0991,2.5
547.73,5.5091,0.1134,1.1
547.93,5.5133,0.1294,1.2
548.13,5.5054,0.1473,3.5
548.43,5.5118,0.1658,2.6
548.63,5.5073,0.1826,1.1
548.83,5.5024,0.2017,0.7
549.03,5.5073,0.2119,2.0
549.23,5.5038,0.2310,0.8
549.43,5.4993,0.2486,1.0
549.73,5.4970,0.2566,2.6
549.93,5.4961,0.2833,1.0
550.13,5.4973,0.3047,1.0
550.33,5.4994,0.3157,1.0
550.63,5.4960,0.3422,1.1
550.83,5.5013,0.3527,2.5
551.03,5.4985,0.3691,1.4
551.23,5.4961,0.3870,0.7
551.43,5.5035,0.4047,3.1
551.63,5.4992,0.4236,1.1
551.83,5.4964,0.4344,1.5
552.03,5.5038,0.4468,2.1
552.23,5.5028,0.4647,0.8
552.43,5.5000,0.4811,0.9
552.63,5.5042,0.4906,2.7
552.83,5.5020,0.5061,1.9
553.03,5.5016,0.5213,0.5
553.23,5.5043,0.5395,1.3
553.43,5.5050,0.5588,1.0
553.63,5.5034,0.5718,0.8
553.83,5.5094,0.5820,2.1
554.03,5.5085,0.6009,0.9
554.33,5.5110,0.6227,1.0
554.53,5.5073,0.6266,1.6
554.73,5.5090,0.6502,1.2
554.93,5.5143,0.6666,0.8
555.13,5.5149,0.6766,1.0
555.33,5.5155,0.6999,3.3
555.53,5.5230,0.7124,1.3
555.73,5.5163,0.7111,2.1
555.94,5.5189,0.7327,1.1
556.23,5.5272,0.7561,1.4
556.44,5.5311,0.7763,0.9
556.64,5.5306,0.7877,0.7
556.84,5.5375,0.7959,2.1
557.04,5.5393,0.8147,1.3
557.24,5.5403,0.8299,0.8
557.44,5.5488,0.8420,1.8
557.64,5.5530,0.8631,1.0
557.84,5.5533,0.8755,0.7
558.14,5.5547,0.8822,2.0
558.34,5.5629,0.9056,1.0
558.54,5.5698,0.9186,0.8
558.74,5.5720,0.9228,0.9
558.94,5.5790,0.9424,2.3
559.14,5.5881,0.9504,1.2
559.34,5.5888,0.9528,1.4
559.54,5.5970,0.9699,1.6
559.74,5.6098,0.9796,1.1
559.94,5.6135,0.9857,1.1
560.14,5.6241,1.0029,2.3
560.44,5.6392,1.0124,1.7
560.64,5.6500,1.0285,0.9
560.84,5.6590,1.0428,1.1
561.04,5.6637,1.0476,1.2
561.24,5.6479,1.0328,0.3
561.54,5.6472,1.0322,0.1
561.74,5.6452,1.0305,0.0
561.94,5.6438,1.0294,0.0
562.14,5.6421,1.0273,0.2
